URL,Domain,Crawl_Depth,Timestamp
https://in.tradingview.com/,in.tradingview.com,0,1745156413
URL,Domain,Crawl_Depth,Timestamp
https://in.tradingview.com/services,in.tradingview.com,1,1745156413
URL,Domain,Crawl_Depth,Timestamp
https://in.tradingview.com/team,in.tradingview.com,1,1745156413
URL,Domain,Crawl_Depth,Timestamp
https://in.tradingview.com/contact,in.tradingview.com,1,1745156413
URL,Domain,Crawl_Depth,Timestamp
https://in.tradingview.com/services,in.tradingview.com,2,1745156413
URL,Domain,Crawl_Depth,Timestamp
https://in.tradingview.com/terms,in.tradingview.com,1,1745156414
URL,Domain,Crawl_Depth,Timestamp
https://in.tradingview.com/contact,in.tradingview.com,2,1745156414
URL,Domain,Crawl_Depth,Timestamp
https://in.tradingview.com/team,in.tradingview.com,2,1745156414
URL,Domain,Crawl_Depth,Timestamp
https://in.tradingview.com/updates/version-2.4,in.tradingview.com,2,1745156414
URL,Domain,Crawl_Depth,Timestamp
https://in.tradingview.com/services/solution-2,in.tradingview.com,2,1745156414
URL,Domain,Crawl_Depth,Timestamp
https://in.tradingview.com/terms,in.tradingview.com,2,1745156414
URL,Domain,Crawl_Depth,Timestamp
https://in.tradingview.com/services/solution-2,in.tradingview.com,2,1745156414
URL,Domain,Crawl_Depth,Timestamp
https://in.tradingview.com/products,in.tradingview.com,2,1745156414
URL,Domain,Crawl_Depth,Timestamp
https://in.tradingview.com/terms,in.tradingview.com,2,1745156414
URL,Domain,Crawl_Depth,Timestamp
https://in.tradingview.com/products,in.tradingview.com,2,1745156414
URL,Domain,Crawl_Depth,Timestamp
https://in.tradingview.com/pricing,in.tradingview.com,3,1745156414
URL,Domain,Crawl_Depth,Timestamp
https://in.tradingview.com/pricing,in.tradingview.com,3,1745156414
URL,Domain,Crawl_Depth,Timestamp
https://in.tradingview.com/updates/version-2.4,in.tradingview.com,2,1745156414
URL,Domain,Crawl_Depth,Timestamp
https://in.tradingview.com/news/article-39,in.tradingview.com,3,1745156414
URL,Domain,Crawl_Depth,Timestamp
https://in.tradingview.com/updates/version-5.3,in.tradingview.com,2,1745156414
URL,Domain,Crawl_Depth,Timestamp
https://in.tradingview.com/terms,in.tradingview.com,3,1745156414
URL,Domain,Crawl_Depth,Timestamp
https://in.tradingview.com/updates/version-5.3,in.tradingview.com,2,1745156414
URL,Domain,Crawl_Depth,Timestamp
https://in.tradingview.com/products/category-4,in.tradingview.com,3,1745156414
URL,Domain,Crawl_Depth,Timestamp
https://in.tradingview.com/products/category-1,in.tradingview.com,3,1745156414
URL,Domain,Crawl_Depth,Timestamp
https://in.tradingview.com/news/article-3,in.tradingview.com,3,1745156414
URL,Domain,Crawl_Depth,Timestamp
https://in.tradingview.com/download,in.tradingview.com,3,1745156414
URL,Domain,Crawl_Depth,Timestamp
https://in.tradingview.com/blog/post-89,in.tradingview.com,3,1745156414
URL,Domain,Crawl_Depth,Timestamp
https://in.tradingview.com/support,in.tradingview.com,3,1745156414
URL,Domain,Crawl_Depth,Timestamp
https://in.tradingview.com/shop/item-909,in.tradingview.com,3,1745156414
URL,Domain,Crawl_Depth,Timestamp
https://in.tradingview.com/faq,in.tradingview.com,3,1745156414
URL,Domain,Crawl_Depth,Timestamp
https://in.tradingview.com/faq,in.tradingview.com,3,1745156415
URL,Domain,Crawl_Depth,Timestamp
https://in.tradingview.com/products,in.tradingview.com,3,1745156415
URL,Domain,Crawl_Depth,Timestamp
https://in.tradingview.com/shop/item-996,in.tradingview.com,3,1745156415
URL,Domain,Crawl_Depth,Timestamp
https://in.tradingview.com/pricing,in.tradingview.com,3,1745156415
URL,Domain,Crawl_Depth,Timestamp
https://in.tradingview.com/news/article-39,in.tradingview.com,3,1745156415
URL,Domain,Crawl_Depth,Timestamp
https://in.tradingview.com/pricing,in.tradingview.com,3,1745156415
URL,Domain,Crawl_Depth,Timestamp
https://in.tradingview.com/updates/version-5.3,in.tradingview.com,3,1745156415
URL,Domain,Crawl_Depth,Timestamp
https://in.tradingview.com/products/category-1,in.tradingview.com,3,1745156415
URL,Domain,Crawl_Depth,Timestamp
https://in.tradingview.com/shop/item-909,in.tradingview.com,3,1745156415
URL,Domain,Crawl_Depth,Timestamp
https://in.tradingview.com/products/category-4,in.tradingview.com,3,1745156415
URL,Domain,Crawl_Depth,Timestamp
https://in.tradingview.com/support,in.tradingview.com,3,1745156415
URL,Domain,Crawl_Depth,Timestamp
https://in.tradingview.com/news/article-3,in.tradingview.com,3,1745156415
URL,Domain,Crawl_Depth,Timestamp
https://in.tradingview.com/news/article-39,in.tradingview.com,4,1745156415
URL,Domain,Crawl_Depth,Timestamp
https://in.tradingview.com/blog/post-89,in.tradingview.com,3,1745156415
URL,Domain,Crawl_Depth,Timestamp
https://in.tradingview.com/faq,in.tradingview.com,4,1745156415
URL,Domain,Crawl_Depth,Timestamp
https://in.tradingview.com/download,in.tradingview.com,3,1745156415
URL,Domain,Crawl_Depth,Timestamp
https://in.tradingview.com/updates/version-5.3,in.tradingview.com,3,1745156415
URL,Domain,Crawl_Depth,Timestamp
https://in.tradingview.com/download,in.tradingview.com,4,1745156415
URL,Domain,Crawl_Depth,Timestamp
https://in.tradingview.com/pricing,in.tradingview.com,4,1745156415
URL,Domain,Crawl_Depth,Timestamp
https://in.tradingview.com/shop/item-996,in.tradingview.com,3,1745156415
URL,Domain,Crawl_Depth,Timestamp
https://in.tradingview.com/pricing,in.tradingview.com,4,1745156415
URL,Domain,Crawl_Depth,Timestamp
https://in.tradingview.com/products/category-7,in.tradingview.com,4,1745156415
URL,Domain,Crawl_Depth,Timestamp
https://in.tradingview.com/support,in.tradingview.com,4,1745156415
URL,Domain,Crawl_Depth,Timestamp
https://in.tradingview.com/updates/version-5.3,in.tradingview.com,4,1745156415
URL,Domain,Crawl_Depth,Timestamp
https://in.tradingview.com/shop/item-221,in.tradingview.com,4,1745156415
URL,Domain,Crawl_Depth,Timestamp
https://in.tradingview.com/shop/item-909,in.tradingview.com,4,1745156415
URL,Domain,Crawl_Depth,Timestamp
https://in.tradingview.com/shop/item-221,in.tradingview.com,3,1745156415
URL,Domain,Crawl_Depth,Timestamp
https://in.tradingview.com/products/category-7,in.tradingview.com,3,1745156415
URL,Domain,Crawl_Depth,Timestamp
https://in.tradingview.com/support,in.tradingview.com,3,1745156415
URL,Domain,Crawl_Depth,Timestamp
https://in.tradingview.com/faq,in.tradingview.com,4,1745156416
URL,Domain,Crawl_Depth,Timestamp
https://in.tradingview.com/download,in.tradingview.com,3,1745156416
URL,Domain,Crawl_Depth,Timestamp
https://in.tradingview.com/updates/version-5.3,in.tradingview.com,3,1745156416
URL,Domain,Crawl_Depth,Timestamp
https://in.tradingview.com/download,in.tradingview.com,4,1745156416
URL,Domain,Crawl_Depth,Timestamp
https://in.tradingview.com/news/article-22,in.tradingview.com,4,1745156416
URL,Domain,Crawl_Depth,Timestamp
https://in.tradingview.com/download,in.tradingview.com,4,1745156416
URL,Domain,Crawl_Depth,Timestamp
https://in.tradingview.com/shop/item-909,in.tradingview.com,4,1745156416
URL,Domain,Crawl_Depth,Timestamp
https://in.tradingview.com/news/article-80,in.tradingview.com,4,1745156416
URL,Domain,Crawl_Depth,Timestamp
https://in.tradingview.com/news/article-22,in.tradingview.com,4,1745156416
URL,Domain,Crawl_Depth,Timestamp
https://in.tradingview.com/download,in.tradingview.com,4,1745156416
URL,Domain,Crawl_Depth,Timestamp
https://in.tradingview.com/faq,in.tradingview.com,4,1745156416
URL,Domain,Crawl_Depth,Timestamp
https://in.tradingview.com/download,in.tradingview.com,4,1745156416
URL,Domain,Crawl_Depth,Timestamp
https://in.tradingview.com/news/article-80,in.tradingview.com,4,1745156416
URL,Domain,Crawl_Depth,Timestamp
https://in.tradingview.com/shop/item-909,in.tradingview.com,4,1745156416
URL,Domain,Crawl_Depth,Timestamp
https://in.tradingview.com/shop/item-909,in.tradingview.com,4,1745156416
URL,Domain,Crawl_Depth,Timestamp
https://in.tradingview.com/faq,in.tradingview.com,4,1745156416
URL,Domain,Crawl_Depth,Timestamp
https://in.tradingview.com/faq,in.tradingview.com,4,1745156416
URL,Domain,Crawl_Depth,Timestamp
https://in.tradingview.com/shop/item-996,in.tradingview.com,4,1745156416
URL,Domain,Crawl_Depth,Timestamp
https://in.tradingview.com/shop/item-996,in.tradingview.com,4,1745156416
URL,Domain,Crawl_Depth,Timestamp
https://in.tradingview.com/products/category-7,in.tradingview.com,4,1745156416
URL,Domain,Crawl_Depth,Timestamp
https://in.tradingview.com/about,in.tradingview.com,4,1745156416
URL,Domain,Crawl_Depth,Timestamp
https://in.tradingview.com/shop/item-221,in.tradingview.com,4,1745156417
URL,Domain,Crawl_Depth,Timestamp
https://in.tradingview.com/shop/item-996,in.tradingview.com,4,1745156417
URL,Domain,Crawl_Depth,Timestamp
https://in.tradingview.com/about,in.tradingview.com,4,1745156417
URL,Domain,Crawl_Depth,Timestamp
https://in.tradingview.com/register,in.tradingview.com,4,1745156417
URL,Domain,Crawl_Depth,Timestamp
https://in.tradingview.com/login,in.tradingview.com,4,1745156417
URL,Domain,Crawl_Depth,Timestamp
https://in.tradingview.com/news/article-33,in.tradingview.com,4,1745156417
URL,Domain,Crawl_Depth,Timestamp
https://in.tradingview.com/news/article-22,in.tradingview.com,4,1745156417
URL,Domain,Crawl_Depth,Timestamp
https://in.tradingview.com/shop/item-221,in.tradingview.com,4,1745156417
URL,Domain,Crawl_Depth,Timestamp
https://in.tradingview.com/register,in.tradingview.com,4,1745156417
URL,Domain,Crawl_Depth,Timestamp
https://in.tradingview.com/products/category-7,in.tradingview.com,4,1745156417
URL,Domain,Crawl_Depth,Timestamp
https://in.tradingview.com/products/category-7,in.tradingview.com,4,1745156417
URL,Domain,Crawl_Depth,Timestamp
https://in.tradingview.com/news/article-33,in.tradingview.com,4,1745156417
URL,Domain,Crawl_Depth,Timestamp
https://in.tradingview.com/news/article-88,in.tradingview.com,4,1745156417
URL,Domain,Crawl_Depth,Timestamp
https://in.tradingview.com/login,in.tradingview.com,4,1745156417
URL,Domain,Crawl_Depth,Timestamp
https://in.tradingview.com/news/article-80,in.tradingview.com,4,1745156417
URL,Domain,Crawl_Depth,Timestamp
https://in.tradingview.com/products/category-7,in.tradingview.com,4,1745156417
URL,Domain,Crawl_Depth,Timestamp
https://in.tradingview.com/news/article-41,in.tradingview.com,5,1745156417
URL,Domain,Crawl_Depth,Timestamp
https://in.tradingview.com/shop/item-221,in.tradingview.com,4,1745156417
URL,Domain,Crawl_Depth,Timestamp
https://in.tradingview.com/services/solution-4,in.tradingview.com,5,1745156417
URL,Domain,Crawl_Depth,Timestamp
https://in.tradingview.com/news/article-80,in.tradingview.com,4,1745156417
URL,Domain,Crawl_Depth,Timestamp
https://in.tradingview.com/shop/item-221,in.tradingview.com,4,1745156417
URL,Domain,Crawl_Depth,Timestamp
https://in.tradingview.com/news/article-71,in.tradingview.com,5,1745156417
URL,Domain,Crawl_Depth,Timestamp
https://in.tradingview.com/blog,in.tradingview.com,5,1745156418
URL,Domain,Crawl_Depth,Timestamp
https://in.tradingview.com/news/article-88,in.tradingview.com,4,1745156418
URL,Domain,Crawl_Depth,Timestamp
https://in.tradingview.com/news/article-33,in.tradingview.com,5,1745156418
URL,Domain,Crawl_Depth,Timestamp
https://in.tradingview.com/about,in.tradingview.com,5,1745156418
URL,Domain,Crawl_Depth,Timestamp
https://in.tradingview.com/news/article-22,in.tradingview.com,5,1745156418
URL,Domain,Crawl_Depth,Timestamp
https://in.tradingview.com/news/article-22,in.tradingview.com,4,1745156418
URL,Domain,Crawl_Depth,Timestamp
https://in.tradingview.com/news/article-80,in.tradingview.com,5,1745156418
URL,Domain,Crawl_Depth,Timestamp
https://in.tradingview.com/login,in.tradingview.com,5,1745156418
URL,Domain,Crawl_Depth,Timestamp
https://in.tradingview.com/shop/item-221,in.tradingview.com,4,1745156418
URL,Domain,Crawl_Depth,Timestamp
https://in.tradingview.com/register,in.tradingview.com,5,1745156418
URL,Domain,Crawl_Depth,Timestamp
https://in.tradingview.com/products/category-7,in.tradingview.com,4,1745156418
URL,Domain,Crawl_Depth,Timestamp
https://in.tradingview.com/news/article-24,in.tradingview.com,5,1745156418
URL,Domain,Crawl_Depth,Timestamp
https://in.tradingview.com/services/solution-4,in.tradingview.com,5,1745156418
URL,Domain,Crawl_Depth,Timestamp
https://in.tradingview.com/news/article-41,in.tradingview.com,5,1745156418
URL,Domain,Crawl_Depth,Timestamp
https://in.tradingview.com/news/article-80,in.tradingview.com,5,1745156418
URL,Domain,Crawl_Depth,Timestamp
https://in.tradingview.com/news/article-71,in.tradingview.com,5,1745156418
URL,Domain,Crawl_Depth,Timestamp
https://in.tradingview.com/blog,in.tradingview.com,5,1745156418
URL,Domain,Crawl_Depth,Timestamp
https://in.tradingview.com/news/article-22,in.tradingview.com,5,1745156418
URL,Domain,Crawl_Depth,Timestamp
https://in.tradingview.com/services/solution-1,in.tradingview.com,5,1745156418
URL,Domain,Crawl_Depth,Timestamp
https://in.tradingview.com/blog/post-24,in.tradingview.com,5,1745156418
URL,Domain,Crawl_Depth,Timestamp
https://in.tradingview.com/register,in.tradingview.com,5,1745156418
URL,Domain,Crawl_Depth,Timestamp
https://in.tradingview.com/updates/version-9.0,in.tradingview.com,5,1745156418
URL,Domain,Crawl_Depth,Timestamp
https://in.tradingview.com/services/solution-4,in.tradingview.com,5,1745156418
URL,Domain,Crawl_Depth,Timestamp
https://in.tradingview.com/news/article-26,in.tradingview.com,5,1745156418
URL,Domain,Crawl_Depth,Timestamp
https://in.tradingview.com/news/article-33,in.tradingview.com,5,1745156418
URL,Domain,Crawl_Depth,Timestamp
https://in.tradingview.com/products/category-2,in.tradingview.com,5,1745156418
URL,Domain,Crawl_Depth,Timestamp
https://in.tradingview.com/shop/item-762,in.tradingview.com,4,1745156418
URL,Domain,Crawl_Depth,Timestamp
https://in.tradingview.com/news/article-88,in.tradingview.com,5,1745156418
URL,Domain,Crawl_Depth,Timestamp
https://in.tradingview.com/about,in.tradingview.com,5,1745156418
URL,Domain,Crawl_Depth,Timestamp
https://in.tradingview.com/login,in.tradingview.com,5,1745156419
URL,Domain,Crawl_Depth,Timestamp
https://in.tradingview.com/shop/item-195,in.tradingview.com,4,1745156419
URL,Domain,Crawl_Depth,Timestamp
https://in.tradingview.com/news/article-24,in.tradingview.com,4,1745156419
URL,Domain,Crawl_Depth,Timestamp
https://in.tradingview.com/news,in.tradingview.com,4,1745156419
URL,Domain,Crawl_Depth,Timestamp
https://in.tradingview.com/services/solution-1,in.tradingview.com,4,1745156419
URL,Domain,Crawl_Depth,Timestamp
https://in.tradingview.com/news,in.tradingview.com,4,1745156419
URL,Domain,Crawl_Depth,Timestamp
https://in.tradingview.com/privacy,in.tradingview.com,4,1745156419
URL,Domain,Crawl_Depth,Timestamp
https://in.tradingview.com/updates/version-9.0,in.tradingview.com,4,1745156419
URL,Domain,Crawl_Depth,Timestamp
https://in.tradingview.com/products/category-2,in.tradingview.com,4,1745156419
URL,Domain,Crawl_Depth,Timestamp
https://in.tradingview.com/news/article-26,in.tradingview.com,4,1745156419
URL,Domain,Crawl_Depth,Timestamp
https://in.tradingview.com/blog/post-41,in.tradingview.com,4,1745156419
URL,Domain,Crawl_Depth,Timestamp
https://in.tradingview.com/register,in.tradingview.com,4,1745156419
URL,Domain,Crawl_Depth,Timestamp
https://in.tradingview.com/services/solution-4,in.tradingview.com,4,1745156419
URL,Domain,Crawl_Depth,Timestamp
https://in.tradingview.com/about,in.tradingview.com,4,1745156419
URL,Domain,Crawl_Depth,Timestamp
https://in.tradingview.com/news/article-33,in.tradingview.com,4,1745156419
URL,Domain,Crawl_Depth,Timestamp
https://in.tradingview.com/login,in.tradingview.com,4,1745156419
URL,Domain,Crawl_Depth,Timestamp
https://in.tradingview.com/news/article-80,in.tradingview.com,4,1745156419
URL,Domain,Crawl_Depth,Timestamp
https://in.tradingview.com/about,in.tradingview.com,4,1745156419
URL,Domain,Crawl_Depth,Timestamp
https://in.tradingview.com/blog/post-24,in.tradingview.com,4,1745156419
URL,Domain,Crawl_Depth,Timestamp
https://in.tradingview.com/services/solution-4,in.tradingview.com,5,1745156419
URL,Domain,Crawl_Depth,Timestamp
https://in.tradingview.com/news/article-71,in.tradingview.com,5,1745156419
URL,Domain,Crawl_Depth,Timestamp
https://in.tradingview.com/blog,in.tradingview.com,5,1745156419
URL,Domain,Crawl_Depth,Timestamp
https://in.tradingview.com/news/article-41,in.tradingview.com,5,1745156419
URL,Domain,Crawl_Depth,Timestamp
https://in.tradingview.com/news/article-22,in.tradingview.com,4,1745156419
URL,Domain,Crawl_Depth,Timestamp
https://in.tradingview.com/news/article-80,in.tradingview.com,5,1745156420
URL,Domain,Crawl_Depth,Timestamp
https://in.tradingview.com/blog,in.tradingview.com,5,1745156420
URL,Domain,Crawl_Depth,Timestamp
https://in.tradingview.com/blog/post-9,in.tradingview.com,5,1745156420
URL,Domain,Crawl_Depth,Timestamp
https://in.tradingview.com/news/article-33,in.tradingview.com,4,1745156420
URL,Domain,Crawl_Depth,Timestamp
https://in.tradingview.com/news/article-25,in.tradingview.com,5,1745156420
URL,Domain,Crawl_Depth,Timestamp
https://in.tradingview.com/register,in.tradingview.com,4,1745156420
URL,Domain,Crawl_Depth,Timestamp
https://in.tradingview.com/news/article-14,in.tradingview.com,5,1745156420
URL,Domain,Crawl_Depth,Timestamp
https://in.tradingview.com/news/article-22,in.tradingview.com,5,1745156420
URL,Domain,Crawl_Depth,Timestamp
https://in.tradingview.com/login,in.tradingview.com,4,1745156420
URL,Domain,Crawl_Depth,Timestamp
https://in.tradingview.com/blog/post-41,in.tradingview.com,5,1745156420
URL,Domain,Crawl_Depth,Timestamp
https://in.tradingview.com/shop/item-195,in.tradingview.com,5,1745156420
URL,Domain,Crawl_Depth,Timestamp
https://in.tradingview.com/shop/item-762,in.tradingview.com,5,1745156420
URL,Domain,Crawl_Depth,Timestamp
https://in.tradingview.com/blog,in.tradingview.com,5,1745156420
URL,Domain,Crawl_Depth,Timestamp
https://in.tradingview.com/news,in.tradingview.com,5,1745156420
URL,Domain,Crawl_Depth,Timestamp
https://in.tradingview.com/news/article-88,in.tradingview.com,5,1745156420
URL,Domain,Crawl_Depth,Timestamp
https://in.tradingview.com/privacy,in.tradingview.com,5,1745156420
URL,Domain,Crawl_Depth,Timestamp
https://in.tradingview.com/news,in.tradingview.com,5,1745156420
URL,Domain,Crawl_Depth,Timestamp
https://in.tradingview.com/login,in.tradingview.com,5,1745156420
URL,Domain,Crawl_Depth,Timestamp
https://in.tradingview.com/news/article-88,in.tradingview.com,5,1745156420
URL,Domain,Crawl_Depth,Timestamp
https://in.tradingview.com/news/article-33,in.tradingview.com,5,1745156420
URL,Domain,Crawl_Depth,Timestamp
https://in.tradingview.com/register,in.tradingview.com,5,1745156420
URL,Domain,Crawl_Depth,Timestamp
https://in.tradingview.com/news/article-88,in.tradingview.com,5,1745156420
URL,Domain,Crawl_Depth,Timestamp
https://in.tradingview.com/news/article-60,in.tradingview.com,5,1745156420
URL,Domain,Crawl_Depth,Timestamp
https://in.tradingview.com/careers,in.tradingview.com,5,1745156420
URL,Domain,Crawl_Depth,Timestamp
https://in.tradingview.com/news/article-24,in.tradingview.com,5,1745156420
URL,Domain,Crawl_Depth,Timestamp
https://in.tradingview.com/blog/post-47,in.tradingview.com,5,1745156420
URL,Domain,Crawl_Depth,Timestamp
https://in.tradingview.com/about,in.tradingview.com,5,1745156420
URL,Domain,Crawl_Depth,Timestamp
https://in.tradingview.com/news/article-26,in.tradingview.com,5,1745156420
URL,Domain,Crawl_Depth,Timestamp
https://in.tradingview.com/services/solution-1,in.tradingview.com,5,1745156420
URL,Domain,Crawl_Depth,Timestamp
https://in.tradingview.com/about,in.tradingview.com,5,1745156421
URL,Domain,Crawl_Depth,Timestamp
https://in.tradingview.com/blog/post-24,in.tradingview.com,5,1745156421
URL,Domain,Crawl_Depth,Timestamp
https://in.tradingview.com/services/solution-4,in.tradingview.com,5,1745156421
URL,Domain,Crawl_Depth,Timestamp
https://in.tradingview.com/products/category-2,in.tradingview.com,5,1745156421
URL,Domain,Crawl_Depth,Timestamp
https://in.tradingview.com/news/article-41,in.tradingview.com,5,1745156421
URL,Domain,Crawl_Depth,Timestamp
https://in.tradingview.com/news/article-33,in.tradingview.com,5,1745156421
URL,Domain,Crawl_Depth,Timestamp
https://in.tradingview.com/updates/version-9.0,in.tradingview.com,5,1745156421
URL,Domain,Crawl_Depth,Timestamp
https://in.tradingview.com/blog,in.tradingview.com,5,1745156421
URL,Domain,Crawl_Depth,Timestamp
https://in.tradingview.com/register,in.tradingview.com,5,1745156421
URL,Domain,Crawl_Depth,Timestamp
https://in.tradingview.com/news/article-71,in.tradingview.com,5,1745156421
URL,Domain,Crawl_Depth,Timestamp
https://in.tradingview.com/login,in.tradingview.com,5,1745156421
URL,Domain,Crawl_Depth,Timestamp
https://in.tradingview.com/blog/post-9,in.tradingview.com,5,1745156421
URL,Domain,Crawl_Depth,Timestamp
https://in.tradingview.com/blog,in.tradingview.com,5,1745156421
URL,Domain,Crawl_Depth,Timestamp
https://in.tradingview.com/news/article-71,in.tradingview.com,5,1745156421
URL,Domain,Crawl_Depth,Timestamp
https://in.tradingview.com/services/solution-4,in.tradingview.com,5,1745156421
URL,Domain,Crawl_Depth,Timestamp
https://in.tradingview.com/blog,in.tradingview.com,5,1745156421
URL,Domain,Crawl_Depth,Timestamp
https://in.tradingview.com/news/article-14,in.tradingview.com,5,1745156421
URL,Domain,Crawl_Depth,Timestamp
https://in.tradingview.com/news/article-41,in.tradingview.com,5,1745156421
URL,Domain,Crawl_Depth,Timestamp
https://in.tradingview.com/services/solution-4,in.tradingview.com,5,1745156421
URL,Domain,Crawl_Depth,Timestamp
https://in.tradingview.com/blog,in.tradingview.com,5,1745156421
URL,Domain,Crawl_Depth,Timestamp
https://in.tradingview.com/blog,in.tradingview.com,5,1745156421
URL,Domain,Crawl_Depth,Timestamp
https://in.tradingview.com/services/solution-4,in.tradingview.com,5,1745156421
URL,Domain,Crawl_Depth,Timestamp
https://in.tradingview.com/news/article-25,in.tradingview.com,5,1745156421
URL,Domain,Crawl_Depth,Timestamp
https://in.tradingview.com/news/article-83,in.tradingview.com,5,1745156421
URL,Domain,Crawl_Depth,Timestamp
https://in.tradingview.com/news/article-41,in.tradingview.com,5,1745156421
URL,Domain,Crawl_Depth,Timestamp
https://in.tradingview.com/news,in.tradingview.com,5,1745156422
URL,Domain,Crawl_Depth,Timestamp
https://in.tradingview.com/privacy,in.tradingview.com,5,1745156422
URL,Domain,Crawl_Depth,Timestamp
https://in.tradingview.com/blog/post-7,in.tradingview.com,5,1745156422
URL,Domain,Crawl_Depth,Timestamp
https://in.tradingview.com/news/article-71,in.tradingview.com,5,1745156422
URL,Domain,Crawl_Depth,Timestamp
https://in.tradingview.com/shop/item-762,in.tradingview.com,5,1745156422
URL,Domain,Crawl_Depth,Timestamp
https://in.tradingview.com/shop/item-195,in.tradingview.com,5,1745156422
URL,Domain,Crawl_Depth,Timestamp
https://in.tradingview.com/news,in.tradingview.com,5,1745156422
URL,Domain,Crawl_Depth,Timestamp
https://in.tradingview.com/news/article-88,in.tradingview.com,5,1745156422
URL,Domain,Crawl_Depth,Timestamp
https://in.tradingview.com/news/article-41,in.tradingview.com,5,1745156422
URL,Domain,Crawl_Depth,Timestamp
https://in.tradingview.com/news/article-24,in.tradingview.com,5,1745156422
URL,Domain,Crawl_Depth,Timestamp
https://in.tradingview.com/news/article-71,in.tradingview.com,5,1745156422
URL,Domain,Crawl_Depth,Timestamp
https://in.tradingview.com/news/article-88,in.tradingview.com,5,1745156422
URL,Domain,Crawl_Depth,Timestamp
https://in.tradingview.com/blog/post-41,in.tradingview.com,5,1745156422
URL,Domain,Crawl_Depth,Timestamp
https://in.tradingview.com/blog,in.tradingview.com,5,1745156422
URL,Domain,Crawl_Depth,Timestamp
https://in.tradingview.com/services/solution-4,in.tradingview.com,5,1745156422
URL,Domain,Crawl_Depth,Timestamp
https://in.tradingview.com/services/solution-1,in.tradingview.com,5,1745156422
URL,Domain,Crawl_Depth,Timestamp
https://in.tradingview.com/blog/post-47,in.tradingview.com,5,1745156422
URL,Domain,Crawl_Depth,Timestamp
https://in.tradingview.com/news/article-26,in.tradingview.com,5,1745156422
URL,Domain,Crawl_Depth,Timestamp
https://in.tradingview.com/services/solution-4,in.tradingview.com,5,1745156422
URL,Domain,Crawl_Depth,Timestamp
https://in.tradingview.com/updates/version-9.0,in.tradingview.com,5,1745156422
URL,Domain,Crawl_Depth,Timestamp
https://in.tradingview.com/news/article-26,in.tradingview.com,5,1745156422
URL,Domain,Crawl_Depth,Timestamp
https://in.tradingview.com/products/category-2,in.tradingview.com,5,1745156422
URL,Domain,Crawl_Depth,Timestamp
https://in.tradingview.com/blog/post-24,in.tradingview.com,5,1745156422
URL,Domain,Crawl_Depth,Timestamp
https://in.tradingview.com/news/article-60,in.tradingview.com,5,1745156422
URL,Domain,Crawl_Depth,Timestamp
https://in.tradingview.com/news/article-24,in.tradingview.com,5,1745156423
URL,Domain,Crawl_Depth,Timestamp
https://in.tradingview.com/services/solution-1,in.tradingview.com,5,1745156423
URL,Domain,Crawl_Depth,Timestamp
https://in.tradingview.com/careers,in.tradingview.com,5,1745156423
URL,Domain,Crawl_Depth,Timestamp
https://in.tradingview.com/blog/post-24,in.tradingview.com,5,1745156423
URL,Domain,Crawl_Depth,Timestamp
https://in.tradingview.com/services/solution-4,in.tradingview.com,5,1745156423
URL,Domain,Crawl_Depth,Timestamp
https://in.tradingview.com/updates/version-9.0,in.tradingview.com,5,1745156423
URL,Domain,Crawl_Depth,Timestamp
https://in.tradingview.com/careers,in.tradingview.com,5,1745156423
URL,Domain,Crawl_Depth,Timestamp
https://in.tradingview.com/products/category-2,in.tradingview.com,5,1745156423
URL,Domain,Crawl_Depth,Timestamp
https://in.tradingview.com/updates/version-6.3,in.tradingview.com,5,1745156423
URL,Domain,Crawl_Depth,Timestamp
https://in.tradingview.com/products/category-2,in.tradingview.com,5,1745156423
URL,Domain,Crawl_Depth,Timestamp
https://in.tradingview.com/services/solution-4,in.tradingview.com,5,1745156423
URL,Domain,Crawl_Depth,Timestamp
https://in.tradingview.com/help,in.tradingview.com,5,1745156423
URL,Domain,Crawl_Depth,Timestamp
https://in.tradingview.com/privacy,in.tradingview.com,5,1745156423
URL,Domain,Crawl_Depth,Timestamp
https://in.tradingview.com/shop/item-430,in.tradingview.com,5,1745156423
URL,Domain,Crawl_Depth,Timestamp
https://in.tradingview.com/services/solution-1,in.tradingview.com,5,1745156423
URL,Domain,Crawl_Depth,Timestamp
https://in.tradingview.com/products/category-10,in.tradingview.com,5,1745156423
URL,Domain,Crawl_Depth,Timestamp
https://in.tradingview.com/news/article-24,in.tradingview.com,5,1745156423
URL,Domain,Crawl_Depth,Timestamp
https://in.tradingview.com/products/category-2,in.tradingview.com,5,1745156423
URL,Domain,Crawl_Depth,Timestamp
https://in.tradingview.com/blog/post-24,in.tradingview.com,5,1745156423
URL,Domain,Crawl_Depth,Timestamp
https://in.tradingview.com/news/article-26,in.tradingview.com,5,1745156423
URL,Domain,Crawl_Depth,Timestamp
https://in.tradingview.com/services/solution-4,in.tradingview.com,5,1745156423
URL,Domain,Crawl_Depth,Timestamp
https://in.tradingview.com/news,in.tradingview.com,5,1745156423
URL,Domain,Crawl_Depth,Timestamp
https://in.tradingview.com/updates/version-9.0,in.tradingview.com,5,1745156423
URL,Domain,Crawl_Depth,Timestamp
https://in.tradingview.com/blog/post-41,in.tradingview.com,5,1745156423
URL,Domain,Crawl_Depth,Timestamp
https://in.tradingview.com/blog/post-7,in.tradingview.com,5,1745156423
URL,Domain,Crawl_Depth,Timestamp
https://in.tradingview.com/shop/item-762,in.tradingview.com,5,1745156424
URL,Domain,Crawl_Depth,Timestamp
https://in.tradingview.com/blog/post-9,in.tradingview.com,5,1745156424
URL,Domain,Crawl_Depth,Timestamp
https://in.tradingview.com/shop/item-195,in.tradingview.com,5,1745156424
URL,Domain,Crawl_Depth,Timestamp
https://in.tradingview.com/news/article-83,in.tradingview.com,5,1745156424
URL,Domain,Crawl_Depth,Timestamp
https://in.tradingview.com/privacy,in.tradingview.com,5,1745156424
URL,Domain,Crawl_Depth,Timestamp
https://in.tradingview.com/news,in.tradingview.com,5,1745156424
URL,Domain,Crawl_Depth,Timestamp
https://in.tradingview.com/news/article-25,in.tradingview.com,5,1745156424
URL,Domain,Crawl_Depth,Timestamp
https://in.tradingview.com/blog,in.tradingview.com,5,1745156424
URL,Domain,Crawl_Depth,Timestamp
https://in.tradingview.com/news/article-14,in.tradingview.com,5,1745156424
URL,Domain,Crawl_Depth,Timestamp
https://in.tradingview.com/news,in.tradingview.com,5,1745156424
URL,Domain,Crawl_Depth,Timestamp
https://in.tradingview.com/blog,in.tradingview.com,5,1745156424
URL,Domain,Crawl_Depth,Timestamp
https://in.tradingview.com/privacy,in.tradingview.com,5,1745156424
URL,Domain,Crawl_Depth,Timestamp
https://in.tradingview.com/news,in.tradingview.com,5,1745156424
URL,Domain,Crawl_Depth,Timestamp
https://in.tradingview.com/shop/item-762,in.tradingview.com,5,1745156424
URL,Domain,Crawl_Depth,Timestamp
https://in.tradingview.com/shop/item-762,in.tradingview.com,5,1745156424
URL,Domain,Crawl_Depth,Timestamp
https://in.tradingview.com/shop/item-195,in.tradingview.com,5,1745156424
URL,Domain,Crawl_Depth,Timestamp
https://in.tradingview.com/blog/post-41,in.tradingview.com,5,1745156424
URL,Domain,Crawl_Depth,Timestamp
https://in.tradingview.com/shop/item-195,in.tradingview.com,5,1745156424
URL,Domain,Crawl_Depth,Timestamp
https://in.tradingview.com/news,in.tradingview.com,5,1745156424
URL,Domain,Crawl_Depth,Timestamp
https://in.tradingview.com/privacy,in.tradingview.com,5,1745156424
URL,Domain,Crawl_Depth,Timestamp
https://in.tradingview.com/news,in.tradingview.com,5,1745156424
URL,Domain,Crawl_Depth,Timestamp
https://in.tradingview.com/blog/post-41,in.tradingview.com,5,1745156424
URL,Domain,Crawl_Depth,Timestamp
https://in.tradingview.com/news/article-24,in.tradingview.com,5,1745156424
URL,Domain,Crawl_Depth,Timestamp
https://in.tradingview.com/blog/post-24,in.tradingview.com,5,1745156424
URL,Domain,Crawl_Depth,Timestamp
https://in.tradingview.com/help,in.tradingview.com,5,1745156424
URL,Domain,Crawl_Depth,Timestamp
https://in.tradingview.com/services/solution-1,in.tradingview.com,5,1745156425
URL,Domain,Crawl_Depth,Timestamp
https://in.tradingview.com/products/category-2,in.tradingview.com,5,1745156425
URL,Domain,Crawl_Depth,Timestamp
https://in.tradingview.com/news/article-26,in.tradingview.com,5,1745156425
URL,Domain,Crawl_Depth,Timestamp
https://in.tradingview.com/services/solution-4,in.tradingview.com,5,1745156425
URL,Domain,Crawl_Depth,Timestamp
https://in.tradingview.com/products/category-2,in.tradingview.com,5,1745156425
URL,Domain,Crawl_Depth,Timestamp
https://in.tradingview.com/updates/version-9.0,in.tradingview.com,5,1745156425
URL,Domain,Crawl_Depth,Timestamp
https://in.tradingview.com/shop/item-430,in.tradingview.com,5,1745156425
URL,Domain,Crawl_Depth,Timestamp
https://in.tradingview.com/services/solution-4,in.tradingview.com,5,1745156425
URL,Domain,Crawl_Depth,Timestamp
https://in.tradingview.com/news/article-41,in.tradingview.com,5,1745156425
URL,Domain,Crawl_Depth,Timestamp
https://in.tradingview.com/blog,in.tradingview.com,5,1745156425
URL,Domain,Crawl_Depth,Timestamp
https://in.tradingview.com/updates/version-6.3,in.tradingview.com,5,1745156425
URL,Domain,Crawl_Depth,Timestamp
https://in.tradingview.com/privacy,in.tradingview.com,5,1745156425
URL,Domain,Crawl_Depth,Timestamp
https://in.tradingview.com/careers,in.tradingview.com,5,1745156425
URL,Domain,Crawl_Depth,Timestamp
https://in.tradingview.com/updates/version-4.0,in.tradingview.com,5,1745156425
URL,Domain,Crawl_Depth,Timestamp
https://in.tradingview.com/news/article-53,in.tradingview.com,5,1745156425
URL,Domain,Crawl_Depth,Timestamp
https://in.tradingview.com/news/article-71,in.tradingview.com,5,1745156425
URL,Domain,Crawl_Depth,Timestamp
https://in.tradingview.com/products/category-10,in.tradingview.com,5,1745156425
URL,Domain,Crawl_Depth,Timestamp
https://in.tradingview.com/updates/version-3.6,in.tradingview.com,5,1745156425
URL,Domain,Crawl_Depth,Timestamp
https://in.tradingview.com/blog/post-47,in.tradingview.com,5,1745156425
URL,Domain,Crawl_Depth,Timestamp
https://in.tradingview.com/news/article-60,in.tradingview.com,5,1745156425
URL,Domain,Crawl_Depth,Timestamp
https://in.tradingview.com/services/solution-4,in.tradingview.com,5,1745156425
URL,Domain,Crawl_Depth,Timestamp
https://in.tradingview.com/news/article-14,in.tradingview.com,6,1745156425
URL,Domain,Crawl_Depth,Timestamp
https://in.tradingview.com/blog/post-9,in.tradingview.com,6,1745156425
URL,Domain,Crawl_Depth,Timestamp
https://in.tradingview.com/blog,in.tradingview.com,6,1745156425
URL,Domain,Crawl_Depth,Timestamp
https://in.tradingview.com/careers,in.tradingview.com,5,1745156425
URL,Domain,Crawl_Depth,Timestamp
https://in.tradingview.com/news/article-25,in.tradingview.com,6,1745156425
URL,Domain,Crawl_Depth,Timestamp
https://in.tradingview.com/blog,in.tradingview.com,6,1745156426
URL,Domain,Crawl_Depth,Timestamp
https://in.tradingview.com/blog/post-9,in.tradingview.com,5,1745156426
URL,Domain,Crawl_Depth,Timestamp
https://in.tradingview.com/news/article-14,in.tradingview.com,5,1745156426
URL,Domain,Crawl_Depth,Timestamp
https://in.tradingview.com/news/article-25,in.tradingview.com,5,1745156426
URL,Domain,Crawl_Depth,Timestamp
https://in.tradingview.com/news/article-26,in.tradingview.com,6,1745156426
URL,Domain,Crawl_Depth,Timestamp
https://in.tradingview.com/blog,in.tradingview.com,5,1745156426
URL,Domain,Crawl_Depth,Timestamp
https://in.tradingview.com/news/article-24,in.tradingview.com,6,1745156426
URL,Domain,Crawl_Depth,Timestamp
https://in.tradingview.com/blog,in.tradingview.com,5,1745156426
URL,Domain,Crawl_Depth,Timestamp
https://in.tradingview.com/services/solution-4,in.tradingview.com,6,1745156426
URL,Domain,Crawl_Depth,Timestamp
https://in.tradingview.com/blog/post-24,in.tradingview.com,6,1745156426
URL,Domain,Crawl_Depth,Timestamp
https://in.tradingview.com/careers,in.tradingview.com,5,1745156426
URL,Domain,Crawl_Depth,Timestamp
https://in.tradingview.com/services/solution-1,in.tradingview.com,6,1745156426
URL,Domain,Crawl_Depth,Timestamp
https://in.tradingview.com/blog/post-47,in.tradingview.com,5,1745156426
URL,Domain,Crawl_Depth,Timestamp
https://in.tradingview.com/updates/version-9.0,in.tradingview.com,6,1745156426
URL,Domain,Crawl_Depth,Timestamp
https://in.tradingview.com/news/article-14,in.tradingview.com,5,1745156426
URL,Domain,Crawl_Depth,Timestamp
https://in.tradingview.com/products/category-2,in.tradingview.com,6,1745156426
URL,Domain,Crawl_Depth,Timestamp
https://in.tradingview.com/news/article-25,in.tradingview.com,5,1745156426
URL,Domain,Crawl_Depth,Timestamp
https://in.tradingview.com/news/article-60,in.tradingview.com,5,1745156426
URL,Domain,Crawl_Depth,Timestamp
https://in.tradingview.com/blog/post-9,in.tradingview.com,5,1745156426
URL,Domain,Crawl_Depth,Timestamp
https://in.tradingview.com/news,in.tradingview.com,6,1745156426
URL,Domain,Crawl_Depth,Timestamp
https://in.tradingview.com/news,in.tradingview.com,6,1745156426
URL,Domain,Crawl_Depth,Timestamp
https://in.tradingview.com/blog,in.tradingview.com,5,1745156426
URL,Domain,Crawl_Depth,Timestamp
https://in.tradingview.com/shop/item-195,in.tradingview.com,6,1745156426
URL,Domain,Crawl_Depth,Timestamp
https://in.tradingview.com/blog/post-41,in.tradingview.com,6,1745156426
URL,Domain,Crawl_Depth,Timestamp
https://in.tradingview.com/privacy,in.tradingview.com,6,1745156426
URL,Domain,Crawl_Depth,Timestamp
https://in.tradingview.com/shop/item-762,in.tradingview.com,6,1745156426
URL,Domain,Crawl_Depth,Timestamp
https://in.tradingview.com/blog,in.tradingview.com,5,1745156426
URL,Domain,Crawl_Depth,Timestamp
https://in.tradingview.com/news/article-53,in.tradingview.com,6,1745156426
URL,Domain,Crawl_Depth,Timestamp
https://in.tradingview.com/updates/version-4.0,in.tradingview.com,6,1745156427
URL,Domain,Crawl_Depth,Timestamp
https://in.tradingview.com/updates/version-3.6,in.tradingview.com,6,1745156427
URL,Domain,Crawl_Depth,Timestamp
https://in.tradingview.com/shop/item-930,in.tradingview.com,5,1745156427
URL,Domain,Crawl_Depth,Timestamp
https://in.tradingview.com/news/article-49,in.tradingview.com,5,1745156427
URL,Domain,Crawl_Depth,Timestamp
https://in.tradingview.com/services/solution-1,in.tradingview.com,5,1745156427
URL,Domain,Crawl_Depth,Timestamp
https://in.tradingview.com/news/article-24,in.tradingview.com,5,1745156427
URL,Domain,Crawl_Depth,Timestamp
https://in.tradingview.com/blog/post-47,in.tradingview.com,6,1745156427
URL,Domain,Crawl_Depth,Timestamp
https://in.tradingview.com/products/category-3,in.tradingview.com,5,1745156427
URL,Domain,Crawl_Depth,Timestamp
https://in.tradingview.com/updates/version-1.0,in.tradingview.com,5,1745156427
URL,Domain,Crawl_Depth,Timestamp
https://in.tradingview.com/careers,in.tradingview.com,6,1745156427
URL,Domain,Crawl_Depth,Timestamp
https://in.tradingview.com/careers,in.tradingview.com,6,1745156427
URL,Domain,Crawl_Depth,Timestamp
https://in.tradingview.com/blog/post-86,in.tradingview.com,5,1745156427
URL,Domain,Crawl_Depth,Timestamp
https://in.tradingview.com/blog/post-79,in.tradingview.com,5,1745156427
URL,Domain,Crawl_Depth,Timestamp
https://in.tradingview.com/products/category-5,in.tradingview.com,5,1745156427
URL,Domain,Crawl_Depth,Timestamp
https://in.tradingview.com/news/article-60,in.tradingview.com,6,1745156427
URL,Domain,Crawl_Depth,Timestamp
https://in.tradingview.com/blog/post-7,in.tradingview.com,6,1745156427
URL,Domain,Crawl_Depth,Timestamp
https://in.tradingview.com/blog/post-47,in.tradingview.com,6,1745156427
URL,Domain,Crawl_Depth,Timestamp
https://in.tradingview.com/blog/post-7,in.tradingview.com,5,1745156427
URL,Domain,Crawl_Depth,Timestamp
https://in.tradingview.com/news,in.tradingview.com,6,1745156427
URL,Domain,Crawl_Depth,Timestamp
https://in.tradingview.com/news/article-83,in.tradingview.com,6,1745156427
URL,Domain,Crawl_Depth,Timestamp
https://in.tradingview.com/news/article-60,in.tradingview.com,6,1745156427
URL,Domain,Crawl_Depth,Timestamp
https://in.tradingview.com/news/article-83,in.tradingview.com,5,1745156427
URL,Domain,Crawl_Depth,Timestamp
https://in.tradingview.com/news,in.tradingview.com,6,1745156428
URL,Domain,Crawl_Depth,Timestamp
https://in.tradingview.com/privacy,in.tradingview.com,6,1745156428
URL,Domain,Crawl_Depth,Timestamp
https://in.tradingview.com/shop/item-762,in.tradingview.com,6,1745156428
URL,Domain,Crawl_Depth,Timestamp
https://in.tradingview.com/shop/item-930,in.tradingview.com,6,1745156428
URL,Domain,Crawl_Depth,Timestamp
https://in.tradingview.com/news/article-49,in.tradingview.com,6,1745156428
URL,Domain,Crawl_Depth,Timestamp
https://in.tradingview.com/services/solution-1,in.tradingview.com,6,1745156428
URL,Domain,Crawl_Depth,Timestamp
https://in.tradingview.com/products/category-3,in.tradingview.com,6,1745156428
URL,Domain,Crawl_Depth,Timestamp
https://in.tradingview.com/shop/item-195,in.tradingview.com,6,1745156428
URL,Domain,Crawl_Depth,Timestamp
https://in.tradingview.com/blog/post-41,in.tradingview.com,6,1745156428
URL,Domain,Crawl_Depth,Timestamp
https://in.tradingview.com/news/article-83,in.tradingview.com,5,1745156428
URL,Domain,Crawl_Depth,Timestamp
https://in.tradingview.com/blog/post-7,in.tradingview.com,5,1745156428
URL,Domain,Crawl_Depth,Timestamp
https://in.tradingview.com/updates/version-1.0,in.tradingview.com,6,1745156428
URL,Domain,Crawl_Depth,Timestamp
https://in.tradingview.com/blog/post-79,in.tradingview.com,6,1745156428
URL,Domain,Crawl_Depth,Timestamp
https://in.tradingview.com/blog/post-9,in.tradingview.com,6,1745156428
URL,Domain,Crawl_Depth,Timestamp
https://in.tradingview.com/news/article-24,in.tradingview.com,6,1745156428
URL,Domain,Crawl_Depth,Timestamp
https://in.tradingview.com/products/category-5,in.tradingview.com,6,1745156428
URL,Domain,Crawl_Depth,Timestamp
https://in.tradingview.com/news/article-14,in.tradingview.com,6,1745156428
URL,Domain,Crawl_Depth,Timestamp
https://in.tradingview.com/blog/post-86,in.tradingview.com,6,1745156428
URL,Domain,Crawl_Depth,Timestamp
https://in.tradingview.com/news/article-5,in.tradingview.com,5,1745156428
URL,Domain,Crawl_Depth,Timestamp
https://in.tradingview.com/news/article-25,in.tradingview.com,6,1745156428
URL,Domain,Crawl_Depth,Timestamp
https://in.tradingview.com/careers,in.tradingview.com,6,1745156428
URL,Domain,Crawl_Depth,Timestamp
https://in.tradingview.com/blog/post-47,in.tradingview.com,6,1745156428
URL,Domain,Crawl_Depth,Timestamp
https://in.tradingview.com/services/solution-3,in.tradingview.com,5,1745156428
URL,Domain,Crawl_Depth,Timestamp
https://in.tradingview.com/blog/post-6,in.tradingview.com,5,1745156428
URL,Domain,Crawl_Depth,Timestamp
https://in.tradingview.com/careers,in.tradingview.com,6,1745156429
URL,Domain,Crawl_Depth,Timestamp
https://in.tradingview.com/products/category-3,in.tradingview.com,5,1745156429
URL,Domain,Crawl_Depth,Timestamp
https://in.tradingview.com/shop/item-430,in.tradingview.com,6,1745156429
URL,Domain,Crawl_Depth,Timestamp
https://in.tradingview.com/news/article-60,in.tradingview.com,6,1745156429
URL,Domain,Crawl_Depth,Timestamp
https://in.tradingview.com/help,in.tradingview.com,6,1745156429
URL,Domain,Crawl_Depth,Timestamp
https://in.tradingview.com/privacy,in.tradingview.com,6,1745156429
URL,Domain,Crawl_Depth,Timestamp
https://in.tradingview.com/updates/version-6.3,in.tradingview.com,6,1745156429
URL,Domain,Crawl_Depth,Timestamp
https://in.tradingview.com/news/article-25,in.tradingview.com,6,1745156429
URL,Domain,Crawl_Depth,Timestamp
https://in.tradingview.com/news/article-83,in.tradingview.com,6,1745156429
URL,Domain,Crawl_Depth,Timestamp
https://in.tradingview.com/products/category-2,in.tradingview.com,6,1745156429
URL,Domain,Crawl_Depth,Timestamp
https://in.tradingview.com/blog/post-7,in.tradingview.com,6,1745156429
URL,Domain,Crawl_Depth,Timestamp
https://in.tradingview.com/products/category-10,in.tradingview.com,6,1745156429
URL,Domain,Crawl_Depth,Timestamp
https://in.tradingview.com/blog/post-9,in.tradingview.com,6,1745156429
URL,Domain,Crawl_Depth,Timestamp
https://in.tradingview.com/products/category-2,in.tradingview.com,6,1745156429
URL,Domain,Crawl_Depth,Timestamp
https://in.tradingview.com/help,in.tradingview.com,6,1745156429
URL,Domain,Crawl_Depth,Timestamp
https://in.tradingview.com/news/article-14,in.tradingview.com,6,1745156429
URL,Domain,Crawl_Depth,Timestamp
https://in.tradingview.com/updates/version-6.3,in.tradingview.com,6,1745156429
URL,Domain,Crawl_Depth,Timestamp
https://in.tradingview.com/products/category-10,in.tradingview.com,6,1745156429
URL,Domain,Crawl_Depth,Timestamp
https://in.tradingview.com/shop/item-430,in.tradingview.com,6,1745156429
URL,Domain,Crawl_Depth,Timestamp
https://in.tradingview.com/services/solution-3,in.tradingview.com,6,1745156429
URL,Domain,Crawl_Depth,Timestamp
https://in.tradingview.com/careers,in.tradingview.com,6,1745156429
URL,Domain,Crawl_Depth,Timestamp
https://in.tradingview.com/products/category-3,in.tradingview.com,6,1745156429
URL,Domain,Crawl_Depth,Timestamp
https://in.tradingview.com/news/article-5,in.tradingview.com,6,1745156429
URL,Domain,Crawl_Depth,Timestamp
https://in.tradingview.com/privacy,in.tradingview.com,6,1745156429
URL,Domain,Crawl_Depth,Timestamp
https://in.tradingview.com/careers,in.tradingview.com,6,1745156429
URL,Domain,Crawl_Depth,Timestamp
https://in.tradingview.com/blog/post-6,in.tradingview.com,6,1745156429
URL,Domain,Crawl_Depth,Timestamp
https://in.tradingview.com/products/category-2,in.tradingview.com,6,1745156430
URL,Domain,Crawl_Depth,Timestamp
https://in.tradingview.com/help,in.tradingview.com,6,1745156430
URL,Domain,Crawl_Depth,Timestamp
https://in.tradingview.com/updates/version-6.3,in.tradingview.com,6,1745156430
URL,Domain,Crawl_Depth,Timestamp
https://in.tradingview.com/shop/item-430,in.tradingview.com,6,1745156430
URL,Domain,Crawl_Depth,Timestamp
https://in.tradingview.com/news/article-83,in.tradingview.com,6,1745156430
URL,Domain,Crawl_Depth,Timestamp
https://in.tradingview.com/products/category-10,in.tradingview.com,6,1745156430
URL,Domain,Crawl_Depth,Timestamp
https://in.tradingview.com/blog/post-7,in.tradingview.com,6,1745156430
URL,Domain,Crawl_Depth,Timestamp
https://in.tradingview.com/help,in.tradingview.com,6,1745156430
URL,Domain,Crawl_Depth,Timestamp
https://in.tradingview.com/privacy,in.tradingview.com,6,1745156430
URL,Domain,Crawl_Depth,Timestamp
https://in.tradingview.com/news/article-53,in.tradingview.com,6,1745156430
URL,Domain,Crawl_Depth,Timestamp
https://in.tradingview.com/updates/version-4.0,in.tradingview.com,6,1745156430
URL,Domain,Crawl_Depth,Timestamp
https://in.tradingview.com/products/category-2,in.tradingview.com,6,1745156430
URL,Domain,Crawl_Depth,Timestamp
https://in.tradingview.com/updates/version-3.6,in.tradingview.com,6,1745156430
URL,Domain,Crawl_Depth,Timestamp
https://in.tradingview.com/updates/version-6.3,in.tradingview.com,6,1745156430
URL,Domain,Crawl_Depth,Timestamp
https://in.tradingview.com/blog/post-47,in.tradingview.com,6,1745156430
URL,Domain,Crawl_Depth,Timestamp
https://in.tradingview.com/products/category-10,in.tradingview.com,6,1745156430
URL,Domain,Crawl_Depth,Timestamp
https://in.tradingview.com/privacy,in.tradingview.com,6,1745156430
URL,Domain,Crawl_Depth,Timestamp
https://in.tradingview.com/careers,in.tradingview.com,6,1745156430
URL,Domain,Crawl_Depth,Timestamp
https://in.tradingview.com/shop/item-430,in.tradingview.com,6,1745156430
URL,Domain,Crawl_Depth,Timestamp
https://in.tradingview.com/news/article-60,in.tradingview.com,6,1745156430
URL,Domain,Crawl_Depth,Timestamp
https://in.tradingview.com/updates/version-3.6,in.tradingview.com,6,1745156430
URL,Domain,Crawl_Depth,Timestamp
https://in.tradingview.com/news/article-53,in.tradingview.com,6,1745156430
URL,Domain,Crawl_Depth,Timestamp
https://in.tradingview.com/news/article-49,in.tradingview.com,6,1745156430
URL,Domain,Crawl_Depth,Timestamp
https://in.tradingview.com/careers,in.tradingview.com,6,1745156430
URL,Domain,Crawl_Depth,Timestamp
https://in.tradingview.com/updates/version-1.0,in.tradingview.com,6,1745156431
URL,Domain,Crawl_Depth,Timestamp
https://in.tradingview.com/updates/version-4.0,in.tradingview.com,6,1745156431
URL,Domain,Crawl_Depth,Timestamp
https://in.tradingview.com/shop/item-930,in.tradingview.com,6,1745156431
URL,Domain,Crawl_Depth,Timestamp
https://in.tradingview.com/updates/version-2.8,in.tradingview.com,6,1745156431
URL,Domain,Crawl_Depth,Timestamp
https://in.tradingview.com/blog/post-79,in.tradingview.com,6,1745156431
URL,Domain,Crawl_Depth,Timestamp
https://in.tradingview.com/products/category-5,in.tradingview.com,6,1745156431
URL,Domain,Crawl_Depth,Timestamp
https://in.tradingview.com/products/category-3,in.tradingview.com,6,1745156431
URL,Domain,Crawl_Depth,Timestamp
https://in.tradingview.com/careers,in.tradingview.com,6,1745156431
URL,Domain,Crawl_Depth,Timestamp
https://in.tradingview.com/blog/post-86,in.tradingview.com,6,1745156431
URL,Domain,Crawl_Depth,Timestamp
https://in.tradingview.com/updates/version-6.3,in.tradingview.com,6,1745156431
URL,Domain,Crawl_Depth,Timestamp
https://in.tradingview.com/products/category-2,in.tradingview.com,6,1745156431
URL,Domain,Crawl_Depth,Timestamp
https://in.tradingview.com/help,in.tradingview.com,6,1745156431
URL,Domain,Crawl_Depth,Timestamp
https://in.tradingview.com/products/category-8,in.tradingview.com,6,1745156431
URL,Domain,Crawl_Depth,Timestamp
https://in.tradingview.com/products/category-10,in.tradingview.com,6,1745156431
URL,Domain,Crawl_Depth,Timestamp
https://in.tradingview.com/careers,in.tradingview.com,6,1745156431
URL,Domain,Crawl_Depth,Timestamp
https://in.tradingview.com/shop/item-430,in.tradingview.com,6,1745156431
URL,Domain,Crawl_Depth,Timestamp
https://in.tradingview.com/careers,in.tradingview.com,6,1745156431
URL,Domain,Crawl_Depth,Timestamp
https://in.tradingview.com/blog/post-91,in.tradingview.com,5,1745156431
URL,Domain,Crawl_Depth,Timestamp
https://in.tradingview.com/privacy,in.tradingview.com,6,1745156431
URL,Domain,Crawl_Depth,Timestamp
https://in.tradingview.com/products/category-8,in.tradingview.com,6,1745156431
URL,Domain,Crawl_Depth,Timestamp
https://in.tradingview.com/news/article-19,in.tradingview.com,5,1745156431
URL,Domain,Crawl_Depth,Timestamp
https://in.tradingview.com/careers,in.tradingview.com,6,1745156431
URL,Domain,Crawl_Depth,Timestamp
https://in.tradingview.com/shop/item-972,in.tradingview.com,5,1745156431
URL,Domain,Crawl_Depth,Timestamp
https://in.tradingview.com/updates/version-2.8,in.tradingview.com,6,1745156431
URL,Domain,Crawl_Depth,Timestamp
https://in.tradingview.com/shop/item-110,in.tradingview.com,5,1745156431
URL,Domain,Crawl_Depth,Timestamp
https://in.tradingview.com/careers,in.tradingview.com,6,1745156432
URL,Domain,Crawl_Depth,Timestamp
https://in.tradingview.com/updates/version-3.6,in.tradingview.com,6,1745156432
URL,Domain,Crawl_Depth,Timestamp
https://in.tradingview.com/news/article-53,in.tradingview.com,5,1745156432
URL,Domain,Crawl_Depth,Timestamp
https://in.tradingview.com/updates/version-4.0,in.tradingview.com,6,1745156432
URL,Domain,Crawl_Depth,Timestamp
https://in.tradingview.com/news/article-53,in.tradingview.com,6,1745156432
URL,Domain,Crawl_Depth,Timestamp
https://in.tradingview.com/updates/version-4.0,in.tradingview.com,5,1745156432
URL,Domain,Crawl_Depth,Timestamp
https://in.tradingview.com/updates/version-4.0,in.tradingview.com,6,1745156432
URL,Domain,Crawl_Depth,Timestamp
https://in.tradingview.com/updates/version-3.6,in.tradingview.com,6,1745156432
URL,Domain,Crawl_Depth,Timestamp
https://in.tradingview.com/news/article-53,in.tradingview.com,6,1745156432
URL,Domain,Crawl_Depth,Timestamp
https://in.tradingview.com/blog/post-7,in.tradingview.com,5,1745156432
URL,Domain,Crawl_Depth,Timestamp
https://in.tradingview.com/shop/item-110,in.tradingview.com,5,1745156432
URL,Domain,Crawl_Depth,Timestamp
https://in.tradingview.com/shop/item-972,in.tradingview.com,5,1745156432
URL,Domain,Crawl_Depth,Timestamp
https://in.tradingview.com/blog/post-91,in.tradingview.com,5,1745156432
URL,Domain,Crawl_Depth,Timestamp
https://in.tradingview.com/news/article-83,in.tradingview.com,5,1745156432
URL,Domain,Crawl_Depth,Timestamp
https://in.tradingview.com/updates/version-3.6,in.tradingview.com,5,1745156432
URL,Domain,Crawl_Depth,Timestamp
https://in.tradingview.com/shop/item-930,in.tradingview.com,5,1745156432
URL,Domain,Crawl_Depth,Timestamp
https://in.tradingview.com/news/article-19,in.tradingview.com,5,1745156432
URL,Domain,Crawl_Depth,Timestamp
https://in.tradingview.com/blog/post-79,in.tradingview.com,5,1745156432
URL,Domain,Crawl_Depth,Timestamp
https://in.tradingview.com/products/category-3,in.tradingview.com,5,1745156432
URL,Domain,Crawl_Depth,Timestamp
https://in.tradingview.com/news/article-49,in.tradingview.com,5,1745156432
URL,Domain,Crawl_Depth,Timestamp
https://in.tradingview.com/blog/post-86,in.tradingview.com,5,1745156432
URL,Domain,Crawl_Depth,Timestamp
https://in.tradingview.com/updates/version-1.0,in.tradingview.com,5,1745156432
URL,Domain,Crawl_Depth,Timestamp
https://in.tradingview.com/products/category-5,in.tradingview.com,5,1745156432
URL,Domain,Crawl_Depth,Timestamp
https://in.tradingview.com/news/article-5,in.tradingview.com,5,1745156432
URL,Domain,Crawl_Depth,Timestamp
https://in.tradingview.com/products/category-3,in.tradingview.com,5,1745156432
URL,Domain,Crawl_Depth,Timestamp
https://in.tradingview.com/shop/item-930,in.tradingview.com,5,1745156433
URL,Domain,Crawl_Depth,Timestamp
https://in.tradingview.com/blog/post-79,in.tradingview.com,5,1745156433
URL,Domain,Crawl_Depth,Timestamp
https://in.tradingview.com/news/article-49,in.tradingview.com,5,1745156433
URL,Domain,Crawl_Depth,Timestamp
https://in.tradingview.com/services/solution-3,in.tradingview.com,5,1745156433
URL,Domain,Crawl_Depth,Timestamp
https://in.tradingview.com/blog/post-6,in.tradingview.com,5,1745156433
URL,Domain,Crawl_Depth,Timestamp
https://in.tradingview.com/products/category-3,in.tradingview.com,5,1745156433
URL,Domain,Crawl_Depth,Timestamp
https://in.tradingview.com/updates/version-1.0,in.tradingview.com,5,1745156433
URL,Domain,Crawl_Depth,Timestamp
https://in.tradingview.com/blog/post-86,in.tradingview.com,5,1745156433
URL,Domain,Crawl_Depth,Timestamp
https://in.tradingview.com/products/category-5,in.tradingview.com,5,1745156433
URL,Domain,Crawl_Depth,Timestamp
https://in.tradingview.com/products/category-10,in.tradingview.com,5,1745156433
URL,Domain,Crawl_Depth,Timestamp
https://in.tradingview.com/shop/item-430,in.tradingview.com,5,1745156433
URL,Domain,Crawl_Depth,Timestamp
https://in.tradingview.com/help,in.tradingview.com,5,1745156433
URL,Domain,Crawl_Depth,Timestamp
https://in.tradingview.com/updates/version-6.3,in.tradingview.com,5,1745156433
URL,Domain,Crawl_Depth,Timestamp
https://in.tradingview.com/news/article-49,in.tradingview.com,5,1745156433
URL,Domain,Crawl_Depth,Timestamp
https://in.tradingview.com/careers,in.tradingview.com,5,1745156433
URL,Domain,Crawl_Depth,Timestamp
https://in.tradingview.com/products/category-3,in.tradingview.com,5,1745156433
URL,Domain,Crawl_Depth,Timestamp
https://in.tradingview.com/blog/post-79,in.tradingview.com,5,1745156433
URL,Domain,Crawl_Depth,Timestamp
https://in.tradingview.com/blog/post-6,in.tradingview.com,5,1745156433
URL,Domain,Crawl_Depth,Timestamp
https://in.tradingview.com/shop/item-930,in.tradingview.com,5,1745156433
URL,Domain,Crawl_Depth,Timestamp
https://in.tradingview.com/products/category-5,in.tradingview.com,5,1745156433
URL,Domain,Crawl_Depth,Timestamp
https://in.tradingview.com/products/category-3,in.tradingview.com,5,1745156433
URL,Domain,Crawl_Depth,Timestamp
https://in.tradingview.com/services/solution-3,in.tradingview.com,5,1745156433
URL,Domain,Crawl_Depth,Timestamp
https://in.tradingview.com/news/article-5,in.tradingview.com,5,1745156433
URL,Domain,Crawl_Depth,Timestamp
https://in.tradingview.com/updates/version-1.0,in.tradingview.com,5,1745156433
URL,Domain,Crawl_Depth,Timestamp
https://in.tradingview.com/products/category-3,in.tradingview.com,5,1745156433
URL,Domain,Crawl_Depth,Timestamp
https://in.tradingview.com/blog/post-86,in.tradingview.com,5,1745156433
URL,Domain,Crawl_Depth,Timestamp
https://in.tradingview.com/updates/version-1.0,in.tradingview.com,5,1745156433
URL,Domain,Crawl_Depth,Timestamp
https://in.tradingview.com/blog/post-79,in.tradingview.com,5,1745156433
URL,Domain,Crawl_Depth,Timestamp
https://in.tradingview.com/news/article-49,in.tradingview.com,5,1745156434
URL,Domain,Crawl_Depth,Timestamp
https://in.tradingview.com/products/category-5,in.tradingview.com,5,1745156434
URL,Domain,Crawl_Depth,Timestamp
https://in.tradingview.com/careers,in.tradingview.com,5,1745156434
URL,Domain,Crawl_Depth,Timestamp
https://in.tradingview.com/shop/item-930,in.tradingview.com,5,1745156434
URL,Domain,Crawl_Depth,Timestamp
https://in.tradingview.com/careers,in.tradingview.com,5,1745156434
URL,Domain,Crawl_Depth,Timestamp
https://in.tradingview.com/updates/version-2.8,in.tradingview.com,5,1745156434
URL,Domain,Crawl_Depth,Timestamp
https://in.tradingview.com/news/article-94,in.tradingview.com,5,1745156434
URL,Domain,Crawl_Depth,Timestamp
https://in.tradingview.com/blog/post-86,in.tradingview.com,5,1745156434
URL,Domain,Crawl_Depth,Timestamp
https://in.tradingview.com/blog/post-81,in.tradingview.com,5,1745156434
URL,Domain,Crawl_Depth,Timestamp
https://in.tradingview.com/products/category-3,in.tradingview.com,5,1745156434
URL,Domain,Crawl_Depth,Timestamp
https://in.tradingview.com/updates/version-4.3,in.tradingview.com,5,1745156434
URL,Domain,Crawl_Depth,Timestamp
https://in.tradingview.com/products/category-8,in.tradingview.com,5,1745156434
URL,Domain,Crawl_Depth,Timestamp
https://in.tradingview.com/updates/version-4.0,in.tradingview.com,5,1745156434
URL,Domain,Crawl_Depth,Timestamp
https://in.tradingview.com/shop/item-116,in.tradingview.com,5,1745156434
URL,Domain,Crawl_Depth,Timestamp
https://in.tradingview.com/shop/item-280,in.tradingview.com,5,1745156434
URL,Domain,Crawl_Depth,Timestamp
https://in.tradingview.com/news/article-49,in.tradingview.com,5,1745156434
URL,Domain,Crawl_Depth,Timestamp
https://in.tradingview.com/news/article-53,in.tradingview.com,5,1745156434
URL,Domain,Crawl_Depth,Timestamp
https://in.tradingview.com/updates/version-1.7,in.tradingview.com,5,1745156434
URL,Domain,Crawl_Depth,Timestamp
https://in.tradingview.com/blog/post-70,in.tradingview.com,5,1745156434
URL,Domain,Crawl_Depth,Timestamp
https://in.tradingview.com/updates/version-3.6,in.tradingview.com,5,1745156434
URL,Domain,Crawl_Depth,Timestamp
https://in.tradingview.com/shop/item-930,in.tradingview.com,5,1745156434
URL,Domain,Crawl_Depth,Timestamp
https://in.tradingview.com/products/category-3,in.tradingview.com,5,1745156434
URL,Domain,Crawl_Depth,Timestamp
https://in.tradingview.com/shop/item-922,in.tradingview.com,5,1745156434
URL,Domain,Crawl_Depth,Timestamp
https://in.tradingview.com/updates/version-1.0,in.tradingview.com,5,1745156434
URL,Domain,Crawl_Depth,Timestamp
https://in.tradingview.com/blog/post-79,in.tradingview.com,5,1745156434
URL,Domain,Crawl_Depth,Timestamp
https://in.tradingview.com/products/category-3,in.tradingview.com,5,1745156434
URL,Domain,Crawl_Depth,Timestamp
https://in.tradingview.com/blog/post-6,in.tradingview.com,5,1745156434
URL,Domain,Crawl_Depth,Timestamp
https://in.tradingview.com/services/solution-3,in.tradingview.com,5,1745156435
URL,Domain,Crawl_Depth,Timestamp
https://in.tradingview.com/news/article-5,in.tradingview.com,6,1745156435
URL,Domain,Crawl_Depth,Timestamp
https://in.tradingview.com/products/category-5,in.tradingview.com,5,1745156435
URL,Domain,Crawl_Depth,Timestamp
https://in.tradingview.com/news/article-5,in.tradingview.com,5,1745156435
URL,Domain,Crawl_Depth,Timestamp
https://in.tradingview.com/services/solution-3,in.tradingview.com,6,1745156435
URL,Domain,Crawl_Depth,Timestamp
https://in.tradingview.com/blog/post-86,in.tradingview.com,5,1745156435
URL,Domain,Crawl_Depth,Timestamp
https://in.tradingview.com/services/solution-3,in.tradingview.com,6,1745156435
URL,Domain,Crawl_Depth,Timestamp
https://in.tradingview.com/products/category-3,in.tradingview.com,6,1745156435
URL,Domain,Crawl_Depth,Timestamp
https://in.tradingview.com/blog/post-6,in.tradingview.com,6,1745156435
URL,Domain,Crawl_Depth,Timestamp
https://in.tradingview.com/updates/version-2.8,in.tradingview.com,6,1745156435
URL,Domain,Crawl_Depth,Timestamp
https://in.tradingview.com/blog/post-6,in.tradingview.com,6,1745156435
URL,Domain,Crawl_Depth,Timestamp
https://in.tradingview.com/products/category-8,in.tradingview.com,6,1745156435
URL,Domain,Crawl_Depth,Timestamp
https://in.tradingview.com/careers,in.tradingview.com,6,1745156435
URL,Domain,Crawl_Depth,Timestamp
https://in.tradingview.com/news/article-5,in.tradingview.com,6,1745156435
URL,Domain,Crawl_Depth,Timestamp
https://in.tradingview.com/products/category-3,in.tradingview.com,6,1745156435
URL,Domain,Crawl_Depth,Timestamp
https://in.tradingview.com/products/category-3,in.tradingview.com,6,1745156435
URL,Domain,Crawl_Depth,Timestamp
https://in.tradingview.com/news/article-94,in.tradingview.com,6,1745156435
URL,Domain,Crawl_Depth,Timestamp
https://in.tradingview.com/blog/post-81,in.tradingview.com,6,1745156435
URL,Domain,Crawl_Depth,Timestamp
https://in.tradingview.com/careers,in.tradingview.com,6,1745156435
URL,Domain,Crawl_Depth,Timestamp
https://in.tradingview.com/updates/version-4.3,in.tradingview.com,6,1745156435
URL,Domain,Crawl_Depth,Timestamp
https://in.tradingview.com/careers,in.tradingview.com,6,1745156435
URL,Domain,Crawl_Depth,Timestamp
https://in.tradingview.com/updates/version-2.8,in.tradingview.com,6,1745156435
URL,Domain,Crawl_Depth,Timestamp
https://in.tradingview.com/products/category-8,in.tradingview.com,6,1745156435
URL,Domain,Crawl_Depth,Timestamp
https://in.tradingview.com/news/article-19,in.tradingview.com,5,1745156435
URL,Domain,Crawl_Depth,Timestamp
https://in.tradingview.com/blog/post-91,in.tradingview.com,5,1745156435
URL,Domain,Crawl_Depth,Timestamp
https://in.tradingview.com/blog/post-91,in.tradingview.com,6,1745156435
URL,Domain,Crawl_Depth,Timestamp
https://in.tradingview.com/shop/item-972,in.tradingview.com,6,1745156435
URL,Domain,Crawl_Depth,Timestamp
https://in.tradingview.com/shop/item-110,in.tradingview.com,5,1745156436
URL,Domain,Crawl_Depth,Timestamp
https://in.tradingview.com/shop/item-972,in.tradingview.com,5,1745156436
URL,Domain,Crawl_Depth,Timestamp
https://in.tradingview.com/careers,in.tradingview.com,6,1745156436
URL,Domain,Crawl_Depth,Timestamp
https://in.tradingview.com/shop/item-116,in.tradingview.com,6,1745156436
URL,Domain,Crawl_Depth,Timestamp
https://in.tradingview.com/news/article-19,in.tradingview.com,6,1745156436
URL,Domain,Crawl_Depth,Timestamp
https://in.tradingview.com/shop/item-110,in.tradingview.com,6,1745156436
URL,Domain,Crawl_Depth,Timestamp
https://in.tradingview.com/shop/item-280,in.tradingview.com,6,1745156436
URL,Domain,Crawl_Depth,Timestamp
https://in.tradingview.com/updates/version-1.7,in.tradingview.com,6,1745156436
URL,Domain,Crawl_Depth,Timestamp
https://in.tradingview.com/blog/post-70,in.tradingview.com,6,1745156436
URL,Domain,Crawl_Depth,Timestamp
https://in.tradingview.com/news/article-5,in.tradingview.com,5,1745156436
URL,Domain,Crawl_Depth,Timestamp
https://in.tradingview.com/products/category-3,in.tradingview.com,5,1745156436
URL,Domain,Crawl_Depth,Timestamp
https://in.tradingview.com/products/category-6,in.tradingview.com,5,1745156436
URL,Domain,Crawl_Depth,Timestamp
https://in.tradingview.com/shop/item-922,in.tradingview.com,6,1745156436
URL,Domain,Crawl_Depth,Timestamp
https://in.tradingview.com/news/article-87,in.tradingview.com,5,1745156436
URL,Domain,Crawl_Depth,Timestamp
https://in.tradingview.com/blog/post-6,in.tradingview.com,5,1745156436
URL,Domain,Crawl_Depth,Timestamp
https://in.tradingview.com/services/solution-3,in.tradingview.com,5,1745156436
URL,Domain,Crawl_Depth,Timestamp
https://in.tradingview.com/shop/item-659,in.tradingview.com,5,1745156436
URL,Domain,Crawl_Depth,Timestamp
https://in.tradingview.com/updates/version-5.5,in.tradingview.com,5,1745156436
URL,Domain,Crawl_Depth,Timestamp
https://in.tradingview.com/news/article-19,in.tradingview.com,6,1745156436
URL,Domain,Crawl_Depth,Timestamp
https://in.tradingview.com/blog/post-97,in.tradingview.com,5,1745156436
URL,Domain,Crawl_Depth,Timestamp
https://in.tradingview.com/blog/post-91,in.tradingview.com,6,1745156436
URL,Domain,Crawl_Depth,Timestamp
https://in.tradingview.com/products/category-8,in.tradingview.com,6,1745156436
URL,Domain,Crawl_Depth,Timestamp
https://in.tradingview.com/careers,in.tradingview.com,6,1745156436
URL,Domain,Crawl_Depth,Timestamp
https://in.tradingview.com/shop/item-972,in.tradingview.com,6,1745156436
URL,Domain,Crawl_Depth,Timestamp
https://in.tradingview.com/updates/version-2.8,in.tradingview.com,6,1745156436
URL,Domain,Crawl_Depth,Timestamp
https://in.tradingview.com/careers,in.tradingview.com,5,1745156436
URL,Domain,Crawl_Depth,Timestamp
https://in.tradingview.com/updates/version-2.8,in.tradingview.com,5,1745156436
URL,Domain,Crawl_Depth,Timestamp
https://in.tradingview.com/products/category-8,in.tradingview.com,5,1745156437
URL,Domain,Crawl_Depth,Timestamp
https://in.tradingview.com/shop/item-110,in.tradingview.com,6,1745156437
URL,Domain,Crawl_Depth,Timestamp
https://in.tradingview.com/careers,in.tradingview.com,6,1745156437
URL,Domain,Crawl_Depth,Timestamp
https://in.tradingview.com/blog/post-91,in.tradingview.com,6,1745156437
URL,Domain,Crawl_Depth,Timestamp
https://in.tradingview.com/shop/item-972,in.tradingview.com,6,1745156437
URL,Domain,Crawl_Depth,Timestamp
https://in.tradingview.com/careers,in.tradingview.com,5,1745156437
URL,Domain,Crawl_Depth,Timestamp
https://in.tradingview.com/careers,in.tradingview.com,5,1745156437
URL,Domain,Crawl_Depth,Timestamp
https://in.tradingview.com/news/article-19,in.tradingview.com,6,1745156437
URL,Domain,Crawl_Depth,Timestamp
https://in.tradingview.com/updates/version-9.8,in.tradingview.com,6,1745156437
URL,Domain,Crawl_Depth,Timestamp
https://in.tradingview.com/shop/item-110,in.tradingview.com,6,1745156437
URL,Domain,Crawl_Depth,Timestamp
https://in.tradingview.com/shop/item-369,in.tradingview.com,6,1745156437
URL,Domain,Crawl_Depth,Timestamp
https://in.tradingview.com/products/category-3,in.tradingview.com,6,1745156437
URL,Domain,Crawl_Depth,Timestamp
https://in.tradingview.com/news/article-73,in.tradingview.com,6,1745156437
URL,Domain,Crawl_Depth,Timestamp
https://in.tradingview.com/updates/version-4.3,in.tradingview.com,6,1745156437
URL,Domain,Crawl_Depth,Timestamp
https://in.tradingview.com/blog/post-81,in.tradingview.com,6,1745156437
URL,Domain,Crawl_Depth,Timestamp
https://in.tradingview.com/news/article-94,in.tradingview.com,6,1745156437
URL,Domain,Crawl_Depth,Timestamp
https://in.tradingview.com/careers,in.tradingview.com,6,1745156437
URL,Domain,Crawl_Depth,Timestamp
https://in.tradingview.com/shop/item-659,in.tradingview.com,6,1745156437
URL,Domain,Crawl_Depth,Timestamp
https://in.tradingview.com/products/category-8,in.tradingview.com,6,1745156437
URL,Domain,Crawl_Depth,Timestamp
https://in.tradingview.com/updates/version-2.8,in.tradingview.com,6,1745156437
URL,Domain,Crawl_Depth,Timestamp
https://in.tradingview.com/products/category-6,in.tradingview.com,6,1745156437
URL,Domain,Crawl_Depth,Timestamp
https://in.tradingview.com/careers,in.tradingview.com,6,1745156437
URL,Domain,Crawl_Depth,Timestamp
https://in.tradingview.com/updates/version-5.5,in.tradingview.com,6,1745156437
URL,Domain,Crawl_Depth,Timestamp
https://in.tradingview.com/shop/item-280,in.tradingview.com,6,1745156438
URL,Domain,Crawl_Depth,Timestamp
https://in.tradingview.com/careers,in.tradingview.com,6,1745156438
URL,Domain,Crawl_Depth,Timestamp
https://in.tradingview.com/shop/item-922,in.tradingview.com,6,1745156438
URL,Domain,Crawl_Depth,Timestamp
https://in.tradingview.com/blog/post-97,in.tradingview.com,6,1745156438
URL,Domain,Crawl_Depth,Timestamp
https://in.tradingview.com/news/article-87,in.tradingview.com,6,1745156438
URL,Domain,Crawl_Depth,Timestamp
https://in.tradingview.com/updates/version-1.7,in.tradingview.com,6,1745156438
URL,Domain,Crawl_Depth,Timestamp
https://in.tradingview.com/blog/post-91,in.tradingview.com,6,1745156438
URL,Domain,Crawl_Depth,Timestamp
https://in.tradingview.com/news/article-19,in.tradingview.com,6,1745156438
URL,Domain,Crawl_Depth,Timestamp
https://in.tradingview.com/blog/post-70,in.tradingview.com,6,1745156438
URL,Domain,Crawl_Depth,Timestamp
https://in.tradingview.com/shop/item-116,in.tradingview.com,6,1745156438
URL,Domain,Crawl_Depth,Timestamp
https://in.tradingview.com/shop/item-110,in.tradingview.com,6,1745156438
URL,Domain,Crawl_Depth,Timestamp
https://in.tradingview.com/blog/post-81,in.tradingview.com,6,1745156438
URL,Domain,Crawl_Depth,Timestamp
https://in.tradingview.com/shop/item-972,in.tradingview.com,6,1745156438
URL,Domain,Crawl_Depth,Timestamp
https://in.tradingview.com/news/article-94,in.tradingview.com,6,1745156438
URL,Domain,Crawl_Depth,Timestamp
https://in.tradingview.com/help,in.tradingview.com,6,1745156438
URL,Domain,Crawl_Depth,Timestamp
https://in.tradingview.com/products/category-3,in.tradingview.com,6,1745156438
URL,Domain,Crawl_Depth,Timestamp
https://in.tradingview.com/news/article-69,in.tradingview.com,6,1745156438
URL,Domain,Crawl_Depth,Timestamp
https://in.tradingview.com/updates/version-4.3,in.tradingview.com,6,1745156438
URL,Domain,Crawl_Depth,Timestamp
https://in.tradingview.com/updates/version-4.3,in.tradingview.com,6,1745156438
URL,Domain,Crawl_Depth,Timestamp
https://in.tradingview.com/news/article-94,in.tradingview.com,6,1745156438
URL,Domain,Crawl_Depth,Timestamp
https://in.tradingview.com/shop/item-438,in.tradingview.com,6,1745156438
URL,Domain,Crawl_Depth,Timestamp
https://in.tradingview.com/products/category-3,in.tradingview.com,6,1745156438
URL,Domain,Crawl_Depth,Timestamp
https://in.tradingview.com/blog/post-81,in.tradingview.com,6,1745156439
URL,Domain,Crawl_Depth,Timestamp
https://in.tradingview.com/products/category-6,in.tradingview.com,6,1745156439
URL,Domain,Crawl_Depth,Timestamp
https://in.tradingview.com/updates/version-9.8,in.tradingview.com,6,1745156439
URL,Domain,Crawl_Depth,Timestamp
https://in.tradingview.com/shop/item-659,in.tradingview.com,6,1745156439
URL,Domain,Crawl_Depth,Timestamp
https://in.tradingview.com/updates/version-5.5,in.tradingview.com,6,1745156439
URL,Domain,Crawl_Depth,Timestamp
https://in.tradingview.com/news/article-87,in.tradingview.com,6,1745156439
URL,Domain,Crawl_Depth,Timestamp
https://in.tradingview.com/blog/post-97,in.tradingview.com,6,1745156439
URL,Domain,Crawl_Depth,Timestamp
https://in.tradingview.com/shop/item-369,in.tradingview.com,6,1745156439
URL,Domain,Crawl_Depth,Timestamp
https://in.tradingview.com/shop/item-110,in.tradingview.com,6,1745156439
URL,Domain,Crawl_Depth,Timestamp
https://in.tradingview.com/careers,in.tradingview.com,6,1745156439
URL,Domain,Crawl_Depth,Timestamp
https://in.tradingview.com/news/article-94,in.tradingview.com,6,1745156439
URL,Domain,Crawl_Depth,Timestamp
https://in.tradingview.com/shop/item-972,in.tradingview.com,6,1745156439
URL,Domain,Crawl_Depth,Timestamp
https://in.tradingview.com/news/article-73,in.tradingview.com,6,1745156439
URL,Domain,Crawl_Depth,Timestamp
https://in.tradingview.com/updates/version-4.3,in.tradingview.com,6,1745156439
URL,Domain,Crawl_Depth,Timestamp
https://in.tradingview.com/blog/post-91,in.tradingview.com,6,1745156439
URL,Domain,Crawl_Depth,Timestamp
https://in.tradingview.com/news/article-19,in.tradingview.com,6,1745156439
URL,Domain,Crawl_Depth,Timestamp
https://in.tradingview.com/shop/item-922,in.tradingview.com,6,1745156439
URL,Domain,Crawl_Depth,Timestamp
https://in.tradingview.com/shop/item-280,in.tradingview.com,6,1745156439
URL,Domain,Crawl_Depth,Timestamp
https://in.tradingview.com/updates/version-1.7,in.tradingview.com,6,1745156439
URL,Domain,Crawl_Depth,Timestamp
https://in.tradingview.com/shop/item-116,in.tradingview.com,6,1745156439
URL,Domain,Crawl_Depth,Timestamp
https://in.tradingview.com/blog/post-81,in.tradingview.com,6,1745156439
URL,Domain,Crawl_Depth,Timestamp
https://in.tradingview.com/products/category-6,in.tradingview.com,6,1745156439
URL,Domain,Crawl_Depth,Timestamp
https://in.tradingview.com/products/category-3,in.tradingview.com,6,1745156439
URL,Domain,Crawl_Depth,Timestamp
https://in.tradingview.com/help,in.tradingview.com,6,1745156439
URL,Domain,Crawl_Depth,Timestamp
https://in.tradingview.com/blog/post-70,in.tradingview.com,6,1745156439
URL,Domain,Crawl_Depth,Timestamp
https://in.tradingview.com/shop/item-476,in.tradingview.com,6,1745156440
URL,Domain,Crawl_Depth,Timestamp
https://in.tradingview.com/products/category-3,in.tradingview.com,6,1745156440
URL,Domain,Crawl_Depth,Timestamp
https://in.tradingview.com/shop/item-280,in.tradingview.com,6,1745156440
URL,Domain,Crawl_Depth,Timestamp
https://in.tradingview.com/blog/post-81,in.tradingview.com,6,1745156440
URL,Domain,Crawl_Depth,Timestamp
https://in.tradingview.com/shop/item-116,in.tradingview.com,6,1745156440
URL,Domain,Crawl_Depth,Timestamp
https://in.tradingview.com/news/article-94,in.tradingview.com,6,1745156440
URL,Domain,Crawl_Depth,Timestamp
https://in.tradingview.com/news/article-56,in.tradingview.com,6,1745156440
URL,Domain,Crawl_Depth,Timestamp
https://in.tradingview.com/updates/version-4.3,in.tradingview.com,6,1745156440
URL,Domain,Crawl_Depth,Timestamp
https://in.tradingview.com/updates/version-1.7,in.tradingview.com,6,1745156440
URL,Domain,Crawl_Depth,Timestamp
https://in.tradingview.com/shop/item-280,in.tradingview.com,6,1745156440
URL,Domain,Crawl_Depth,Timestamp
https://in.tradingview.com/blog/post-70,in.tradingview.com,6,1745156440
URL,Domain,Crawl_Depth,Timestamp
https://in.tradingview.com/help,in.tradingview.com,6,1745156440
URL,Domain,Crawl_Depth,Timestamp
https://in.tradingview.com/news/article-69,in.tradingview.com,6,1745156440
URL,Domain,Crawl_Depth,Timestamp
https://in.tradingview.com/shop/item-922,in.tradingview.com,6,1745156440
URL,Domain,Crawl_Depth,Timestamp
https://in.tradingview.com/shop/item-922,in.tradingview.com,6,1745156440
URL,Domain,Crawl_Depth,Timestamp
https://in.tradingview.com/shop/item-438,in.tradingview.com,6,1745156440
URL,Domain,Crawl_Depth,Timestamp
https://in.tradingview.com/updates/version-1.7,in.tradingview.com,6,1745156440
URL,Domain,Crawl_Depth,Timestamp
https://in.tradingview.com/updates/version-5.5,in.tradingview.com,6,1745156440
URL,Domain,Crawl_Depth,Timestamp
https://in.tradingview.com/shop/item-659,in.tradingview.com,6,1745156440
URL,Domain,Crawl_Depth,Timestamp
https://in.tradingview.com/shop/item-116,in.tradingview.com,6,1745156440
URL,Domain,Crawl_Depth,Timestamp
https://in.tradingview.com/blog/post-70,in.tradingview.com,6,1745156440
URL,Domain,Crawl_Depth,Timestamp
https://in.tradingview.com/news/article-73,in.tradingview.com,6,1745156440
URL,Domain,Crawl_Depth,Timestamp
https://in.tradingview.com/blog/post-97,in.tradingview.com,6,1745156440
URL,Domain,Crawl_Depth,Timestamp
https://in.tradingview.com/products/category-6,in.tradingview.com,6,1745156440
URL,Domain,Crawl_Depth,Timestamp
https://in.tradingview.com/products/category-6,in.tradingview.com,6,1745156440
URL,Domain,Crawl_Depth,Timestamp
https://in.tradingview.com/news/article-87,in.tradingview.com,6,1745156440
URL,Domain,Crawl_Depth,Timestamp
https://in.tradingview.com/shop/item-369,in.tradingview.com,6,1745156440
URL,Domain,Crawl_Depth,Timestamp
https://in.tradingview.com/updates/version-9.8,in.tradingview.com,6,1745156441
URL,Domain,Crawl_Depth,Timestamp
https://in.tradingview.com/shop/item-659,in.tradingview.com,6,1745156441
URL,Domain,Crawl_Depth,Timestamp
https://in.tradingview.com/news/article-87,in.tradingview.com,6,1745156441
URL,Domain,Crawl_Depth,Timestamp
https://in.tradingview.com/shop/item-116,in.tradingview.com,6,1745156441
URL,Domain,Crawl_Depth,Timestamp
https://in.tradingview.com/updates/version-5.5,in.tradingview.com,6,1745156441
URL,Domain,Crawl_Depth,Timestamp
https://in.tradingview.com/shop/item-922,in.tradingview.com,6,1745156441
URL,Domain,Crawl_Depth,Timestamp
https://in.tradingview.com/blog/post-97,in.tradingview.com,6,1745156441
URL,Domain,Crawl_Depth,Timestamp
https://in.tradingview.com/updates/version-1.7,in.tradingview.com,6,1745156441
URL,Domain,Crawl_Depth,Timestamp
https://in.tradingview.com/shop/item-280,in.tradingview.com,6,1745156441
URL,Domain,Crawl_Depth,Timestamp
https://in.tradingview.com/updates/version-4.5,in.tradingview.com,6,1745156441
URL,Domain,Crawl_Depth,Timestamp
https://in.tradingview.com/blog/post-81,in.tradingview.com,6,1745156441
URL,Domain,Crawl_Depth,Timestamp
https://in.tradingview.com/help,in.tradingview.com,6,1745156441
URL,Domain,Crawl_Depth,Timestamp
https://in.tradingview.com/products/category-3,in.tradingview.com,6,1745156441
URL,Domain,Crawl_Depth,Timestamp
https://in.tradingview.com/updates/version-4.3,in.tradingview.com,6,1745156441
URL,Domain,Crawl_Depth,Timestamp
https://in.tradingview.com/blog/post-70,in.tradingview.com,6,1745156441
URL,Domain,Crawl_Depth,Timestamp
https://in.tradingview.com/news/article-94,in.tradingview.com,6,1745156441
URL,Domain,Crawl_Depth,Timestamp
https://in.tradingview.com/shop/item-563,in.tradingview.com,6,1745156441
URL,Domain,Crawl_Depth,Timestamp
https://in.tradingview.com/updates/version-8.5,in.tradingview.com,6,1745156441
URL,Domain,Crawl_Depth,Timestamp
https://in.tradingview.com/blog/post-84,in.tradingview.com,6,1745156441
URL,Domain,Crawl_Depth,Timestamp
https://in.tradingview.com/shop/item-659,in.tradingview.com,6,1745156441
URL,Domain,Crawl_Depth,Timestamp
https://in.tradingview.com/products/category-6,in.tradingview.com,6,1745156441
URL,Domain,Crawl_Depth,Timestamp
https://in.tradingview.com/blog/post-97,in.tradingview.com,6,1745156441
URL,Domain,Crawl_Depth,Timestamp
https://in.tradingview.com/updates/version-8.7,in.tradingview.com,6,1745156441
URL,Domain,Crawl_Depth,Timestamp
https://in.tradingview.com/updates/version-5.5,in.tradingview.com,6,1745156441
URL,Domain,Crawl_Depth,Timestamp
https://in.tradingview.com/news/article-87,in.tradingview.com,6,1745156442
URL,Domain,Crawl_Depth,Timestamp
https://in.tradingview.com/products/category-6,in.tradingview.com,6,1745156442
URL,Domain,Crawl_Depth,Timestamp
https://in.tradingview.com/news/article-87,in.tradingview.com,6,1745156442
URL,Domain,Crawl_Depth,Timestamp
https://in.tradingview.com/updates/version-5.5,in.tradingview.com,6,1745156442
URL,Domain,Crawl_Depth,Timestamp
https://in.tradingview.com/shop/item-659,in.tradingview.com,6,1745156442
URL,Domain,Crawl_Depth,Timestamp
https://in.tradingview.com/shop/item-280,in.tradingview.com,6,1745156442
URL,Domain,Crawl_Depth,Timestamp
https://in.tradingview.com/shop/item-116,in.tradingview.com,6,1745156442
URL,Domain,Crawl_Depth,Timestamp
https://in.tradingview.com/blog/post-97,in.tradingview.com,6,1745156442
URL,Domain,Crawl_Depth,Timestamp
https://in.tradingview.com/updates/version-1.7,in.tradingview.com,6,1745156442
URL,Domain,Crawl_Depth,Timestamp
https://in.tradingview.com/products/category-6,in.tradingview.com,6,1745156442
URL,Domain,Crawl_Depth,Timestamp
https://in.tradingview.com/shop/item-476,in.tradingview.com,6,1745156442
URL,Domain,Crawl_Depth,Timestamp
https://in.tradingview.com/shop/item-922,in.tradingview.com,6,1745156442
URL,Domain,Crawl_Depth,Timestamp
https://in.tradingview.com/help,in.tradingview.com,6,1745156442
URL,Domain,Crawl_Depth,Timestamp
https://in.tradingview.com/updates/version-9.8,in.tradingview.com,6,1745156442
URL,Domain,Crawl_Depth,Timestamp
https://in.tradingview.com/news/article-73,in.tradingview.com,6,1745156442
URL,Domain,Crawl_Depth,Timestamp
https://in.tradingview.com/shop/item-369,in.tradingview.com,6,1745156442
URL,Domain,Crawl_Depth,Timestamp
https://in.tradingview.com/blog/post-70,in.tradingview.com,6,1745156442
URL,Domain,Crawl_Depth,Timestamp
https://in.tradingview.com/news/article-34,in.tradingview.com,6,1745156442
URL,Domain,Crawl_Depth,Timestamp
https://in.tradingview.com/news/article-56,in.tradingview.com,6,1745156442
URL,Domain,Crawl_Depth,Timestamp
https://in.tradingview.com/news/article-73,in.tradingview.com,6,1745156442
URL,Domain,Crawl_Depth,Timestamp
https://in.tradingview.com/updates/version-9.8,in.tradingview.com,6,1745156442
URL,Domain,Crawl_Depth,Timestamp
https://in.tradingview.com/products/category-3,in.tradingview.com,6,1745156442
URL,Domain,Crawl_Depth,Timestamp
https://in.tradingview.com/shop/item-369,in.tradingview.com,6,1745156442
URL,Domain,Crawl_Depth,Timestamp
https://in.tradingview.com/updates/version-5.5,in.tradingview.com,6,1745156443
URL,Domain,Crawl_Depth,Timestamp
https://in.tradingview.com/news/article-87,in.tradingview.com,6,1745156443
URL,Domain,Crawl_Depth,Timestamp
https://in.tradingview.com/shop/item-659,in.tradingview.com,6,1745156443
URL,Domain,Crawl_Depth,Timestamp
https://in.tradingview.com/products/category-6,in.tradingview.com,6,1745156443
URL,Domain,Crawl_Depth,Timestamp
https://in.tradingview.com/shop/item-369,in.tradingview.com,6,1745156443
URL,Domain,Crawl_Depth,Timestamp
https://in.tradingview.com/news/article-69,in.tradingview.com,6,1745156443
URL,Domain,Crawl_Depth,Timestamp
https://in.tradingview.com/news/article-73,in.tradingview.com,6,1745156443
URL,Domain,Crawl_Depth,Timestamp
https://in.tradingview.com/blog/post-97,in.tradingview.com,6,1745156443
URL,Domain,Crawl_Depth,Timestamp
https://in.tradingview.com/help,in.tradingview.com,6,1745156443
URL,Domain,Crawl_Depth,Timestamp
https://in.tradingview.com/updates/version-9.8,in.tradingview.com,6,1745156443
URL,Domain,Crawl_Depth,Timestamp
https://in.tradingview.com/shop/item-438,in.tradingview.com,6,1745156443
URL,Domain,Crawl_Depth,Timestamp
https://in.tradingview.com/shop/item-438,in.tradingview.com,6,1745156443
URL,Domain,Crawl_Depth,Timestamp
https://in.tradingview.com/news/article-69,in.tradingview.com,6,1745156443
URL,Domain,Crawl_Depth,Timestamp
https://in.tradingview.com/help,in.tradingview.com,6,1745156443
URL,Domain,Crawl_Depth,Timestamp
https://in.tradingview.com/news/article-69,in.tradingview.com,6,1745156443
URL,Domain,Crawl_Depth,Timestamp
https://in.tradingview.com/shop/item-438,in.tradingview.com,6,1745156443
URL,Domain,Crawl_Depth,Timestamp
https://in.tradingview.com/help,in.tradingview.com,6,1745156443
URL,Domain,Crawl_Depth,Timestamp
https://in.tradingview.com/updates/version-9.8,in.tradingview.com,6,1745156443
URL,Domain,Crawl_Depth,Timestamp
https://in.tradingview.com/news/article-73,in.tradingview.com,6,1745156443
https://www.youtube.com/,www.youtube.com,0,1745157552
https://www.youtube.com/products/category-5,www.youtube.com,1,1745157552
https://www.youtube.com/,www.youtube.com,1,1745157552
https://www.youtube.com/products,www.youtube.com,1,1745157552
https://www.youtube.com/news/article-1,www.youtube.com,1,1745157552
https://www.youtube.com/products/category-5,www.youtube.com,2,1745157552
https://www.youtube.com/products,www.youtube.com,1,1745157552
https://www.youtube.com/news/article-1,www.youtube.com,2,1745157552
https://www.youtube.com/blog/post-35,www.youtube.com,2,1745157552
https://www.youtube.com/blog,www.youtube.com,2,1745157552
https://www.youtube.com/news,www.youtube.com,2,1745157552
https://www.youtube.com/products,www.youtube.com,2,1745157552
https://www.youtube.com/products,www.youtube.com,2,1745157552
https://www.youtube.com/news/article-1,www.youtube.com,2,1745157552
https://www.youtube.com/news/article-1,www.youtube.com,2,1745157552
https://www.youtube.com/services/solution-2,www.youtube.com,2,1745157552
https://www.youtube.com/news/article-1,www.youtube.com,2,1745157552
https://www.youtube.com/news,www.youtube.com,2,1745157553
https://www.youtube.com/news/article-1,www.youtube.com,2,1745157553
https://www.youtube.com/blog,www.youtube.com,3,1745157553
https://www.youtube.com/blog,www.youtube.com,2,1745157553
https://www.youtube.com/faq,www.youtube.com,3,1745157553
https://www.youtube.com/about,www.youtube.com,3,1745157553
https://www.youtube.com/services/solution-2,www.youtube.com,3,1745157553
https://www.youtube.com/blog/post-35,www.youtube.com,3,1745157553
https://www.youtube.com/blog/post-35,www.youtube.com,3,1745157553
https://www.youtube.com/blog,www.youtube.com,3,1745157553
https://www.youtube.com/news,www.youtube.com,3,1745157553
https://www.youtube.com/about,www.youtube.com,3,1745157554
https://www.youtube.com/services/solution-2,www.youtube.com,3,1745157554
https://www.youtube.com/blog,www.youtube.com,3,1745157554
https://www.youtube.com/faq,www.youtube.com,3,1745157554
https://www.youtube.com/faq,www.youtube.com,3,1745157554
https://www.youtube.com/about,www.youtube.com,3,1745157554
https://www.youtube.com/services/solution-2,www.youtube.com,3,1745157554
https://www.youtube.com/services/solution-2,www.youtube.com,3,1745157554
https://www.youtube.com/faq,www.youtube.com,4,1745157554
https://www.youtube.com/contact,www.youtube.com,3,1745157554
https://www.youtube.com/faq,www.youtube.com,3,1745157554
https://www.youtube.com/faq,www.youtube.com,4,1745157554
https://www.youtube.com/faq,www.youtube.com,4,1745157554
https://www.youtube.com/contact,www.youtube.com,4,1745157554
https://www.youtube.com/support,www.youtube.com,4,1745157555
https://www.youtube.com/contact,www.youtube.com,4,1745157555
https://www.youtube.com/contact,www.youtube.com,4,1745157555
https://www.youtube.com/support,www.youtube.com,5,1745157555
https://www.youtube.com/contact,www.youtube.com,5,1745157555
